Address to use,City,State,Zip,Plus_Four,State,District,Rep. Name,master_Bioguide_id,master_firstname,master_lastname,master_state,master_district,master_bioguide_id
1011 George Wallace Boulevard,Tuscumbia,AL,35674,1726,AL,4,Robert Aderholt,A000055,Robert,Aderholt,AL,4,A000055
110 Michigan Street Northeast,Grand Rapids,MI,49503,2313,MI,3,Justin Amash,A000367,Justin,Amash,MI,3,A000367
400 South Virginia Street,Reno,NV,89501,2116,NV,2,Mark Amodei,A000369,Mark,Amodei,NV,2,A000369
PO Box 502 ,Clanton,AL,35046,502,AL,6,Spencer Bachus,B000013,Spencer,Bachus,AL,6,B000013
2106 West Ennis Avenue,Ennis,TX,75119,3624,TX,6,Joe Barton,B000213,Joe,Barton,TX,6,B000213
255 East Temple Street,Los Angeles,CA,90012,3334,CA,34,Xavier Becerra,B000287,Xavier,Becerra,CA,34,B000287
18 9th Street,Columbus,GA,31901,2778,GA,2,Sanford Bishop,B000490,Sanford,Bishop,GA,2,B000490
729 Northeast Oregon Street,Portland,OR,97232,2184,OR,3,Earl Blumenauer,B000574,Earl,Blumenauer,OR,3,B000574
7969 Cincinnati Dayton Road,West Chester Township,OH,45069,6637,OH,8,John Boehner,B000589,John,Boehner,OH,8,B000589
1202 Sam Houston Avenue,Huntsville,TX,77340,4638,TX,8,Kevin Brady,B000755,Kevin,Brady,TX,8,B000755
613 Saint Johns Avenue,Palatka,FL,32177,4643,FL,5,Corrine Brown,B000911,Corrine,Brown,FL,5,B000911
63 North Broad Street,Philadelphia,PA,08096,4602,PA,1,Robert Brady,B001227,Robert,Brady,PA,1,B001227
137 Hampton Road,Southampton,NY,11968,4923,NY,1,Timothy Bishop,B001242,Timothy,Bishop,NY,1,B001242
198 3rd Avenue South,Franklin,TN,37064,2518,TN,7,Marsha Blackburn,B001243,Marsha,Blackburn,TN,7,B001243
Father Duenas Avenue,Hagåtña,,96910,5058,GU,0,Madeleine Bordallo,B001245,Madeleine,Bordallo,GU,0,B001245
1660 Stemmons Freeway,Lewisville,TX,75067,600,TX,26,Michael Burgess,B001248,Michael,Burgess,TX,26,B001248
324 East 2500 South,Ogden,UT,84401,2361,UT,1,Rob Bishop,B001250,Rob,Bishop,UT,1,B001250
216 Nash Street Northwest,Wilson,NC,27893,3802,NC,1,George Butterfield,B001251,George,Butterfield,NC,1,B001251
4246 Washington Road,Evans,GA,30809,3087,GA,12,John Barrow,B001252,John,Barrow,GA,12,B001252
404 Route 66 Road,DeQuincy,LA,88401,3279,LA,3,Charles Boustany,B001255,Charles,Boustany,LA,3,B001255
110 2nd Street South,Waite Park,MN,56387,1313,MN,6,Michele Bachmann,B001256,Michele,Bachmann,MN,6,B001256
35111 US Highway 19 North,Palm Harbor,FL,34684,1934,FL,12,Gus Bilirakis,B001257,Gus,Bilirakis,FL,12,B001257
501 Sycamore Street,Waterloo,IA,50703,4051,IA,1,Bruce Braley,B001259,Bruce,Braley,IA,1,B001259
235 North Orange Avenue,Sarasota,FL,34236,8522,FL,16,Vern Buchanan,B001260,Vern,Buchanan,FL,16,B001260
PO Box 1017 ,Sandersville,GA,31082,,GA,10,Paul Broun,B001262,Paul,Broun,GA,10,B001262
300 Centerville Road,Newville,PA,02886,212,PA,11,Lou Barletta,B001269,Lou,Barletta,PA,11,B001269
4322 Wilshire Boulevard,Los Angeles,CA,90010,3794,CA,37,Karen Bass,B001270,Karen,Bass,CA,37,B001270
121 East Front Street,Traverse City,MI,49684,2500,MI,1,Dan Benishek,B001271,Dan,Benishek,MI,1,B001271
62 East 2nd Street,Crossville,TN,38555,4564,TN,6,Diane Black,B001273,Diane,Black,TN,6,B001273
2101 Clinton Avenue West,Huntsville,AL,35805,3109,AL,5,Mo Brooks,B001274,Mo,Brooks,AL,5,B001274
901 Wabash Avenue,Terre Haute,IN,47807,3232,IN,8,Larry Bucshon,B001275,Larry,Bucshon,IN,8,B001275
12725 SW Millikan Way,Beaverton,OR,97005,1678,OR,1,Suzanne Bonamici,B001278,Suzanne,Bonamici,OR,1,B001278
1661 North Swan Road,Tucson,AZ,85712,4051,AZ,2,Ron Barber,B001279,Ron,Barber,AZ,2,B001279
560 Kirts Boulevard,Troy,MI,48084,4141,MI,11,Kerry Bentivolio,B001280,Kerry,Bentivolio,MI,11,B001280
3000 Corporate Exchange Drive,Columbus,OH,43231,4054,OH,3,Joyce Beatty,B001281,Joyce,Beatty,OH,3,B001281
1010 Monarch Street,Lexington,KY,40513,1866,KY,6,Garland Barr,B001282,Garland,Barr,KY,6,B001282
5727 South Lewis Avenue,Tulsa,OK,74105,7146,OK,1,Jim Bridenstine,B001283,Jim,Bridenstine,OK,1,B001283
209 South Washington Street,Marion,IN,46952,3803,IN,5,Susan Brooks,B001284,Susan,Brooks,IN,5,B001284
2675 North Ventura Road,Port Hueneme,CA,93041,2045,CA,26,Julia Brownley,B001285,Julia,Brownley,CA,26,B001285
100 Northeast Monroe Street,Peoria,IL,61602,1047,IL,17,Cheri Bustos,B001286,Cheri,Bustos,IL,17,B001286
2339 Gold Meadow Way,Gold River,CA,95670,6307,CA,7,Ami Bera,B001287,Ami,Bera,CA,7,B001287
11 North Water Street,Mobile,AL,36602,5000,AL,1,Bradley Byrne,B001289,Bradley,Byrne,AL,1,B001289
4160 Temescal Canyon Rd,Corona,CA,92883,4625,CA,42,Ken Calvert,C000059,Ken,Calvert,CA,42,C000059
135 Ashman Street,Midland,MI,48640,5103,MI,4,Dave Camp,C000071,Dave,Camp,MI,4,C000071
441 Vine Street,Cincinnati,OH,45202,3003,OH,1,Steve Chabot,C000266,Steve,Chabot,OH,1,C000266
#1 Estate Cane,St. Croix,VI,00840,,VI,0,Donna Christensen,C000380,Donna,Christensen,VI,0,C000380
176 Brooks Boulevard,Santee,SC,29142,8644,SC,6,James Clyburn,C000537,James,Clyburn,SC,6,C000537
1634 North Main Street,High Point,NC,27262,2644,NC,6,Howard Coble,C000556,Howard,Coble,NC,6,C000556
605 Church Street,Nashville,TN,37219,2314,TN,5,Jim Cooper,C000754,John,Conyers,MI,13,C000714
8267 Main Street,Ellicott City,MD,21043,9903,MD,7,Elijah Cummings,C000984,Jim,Cooper,TN,5,C000754
485 Alisal Road,Solvang,CA,93463,3701,CA,24,Lois Capps,C001036,Elijah,Cummings,MD,7,C000984
1234 Columbus Avenue,Boston,MA,02120,3400,MA,7,Michael Capuano,C001037,Lois,Capps,CA,24,C001036
74-09 37th Avenue,Queens,NY,11372,6303,NY,14,Joseph Crowley,C001038,Michael,Capuano,MA,7,C001037
1061 Riverside Avenue,Jacksonville,FL,32204,4151,FL,4,Ander Crenshaw,C001045,Joseph,Crowley,NY,14,C001038
4201 Dominion Boulevard,Glen Allen,VA,23060,6149,VA,7,Eric Cantor,C001046,Ander,Crenshaw,FL,4,C001045
300 Foxcroft Avenue,Martinsburg,WV,25401,5341,WV,2,Shelley Capito,C001047,Eric,Cantor,VA,7,C001046
1550 Foxlake Drive,Houston,TX,77084,6043,TX,7,John Culberson,C001048,Shelley,Capito,WV,2,C001047
8021 West Florissant Avenue,Jennings,MO,63136,1449,MO,1,Wm. Clay,C001049,John,Culberson,TX,7,C001048
6544 South General Bruce Drive,Temple,TX,76502,5811,TX,31,John Carter,C001051,Wm.,Clay,MO,1,C001049
2420 Springer Drive,Norman,OK,73069,3965,OK,4,Tom Cole,C001053,John,Carter,TX,31,C001051
2222 M Street,Merced,CA,95340,3729,CA,16,Jim Costa,C001059,Tom,Cole,OK,4,C001053
101 West 31st Street,Kansas City,MO,64108,3318,MO,5,Emanuel Cleaver,C001061,Jim,Costa,CA,16,C001059
33 East Twohig Avenue,San Angelo,TX,76903,6451,TX,11,K. Conaway,C001062,Emanuel,Cleaver,MO,5,C001061
F-M 3167,Rio Grande City,TX,78582,6688,TX,28,Henry Cuellar,C001063,K.,Conaway,TX,11,C001062
26111 Antonio Parkway,Rancho Santa Margari,CA,92688,5597,CA,45,John Campbell,C001064,Henry,Cuellar,TX,28,C001063
4144 North Armenia Avenue,Tampa,FL,33607,6435,FL,14,Kathy Castor,C001066,John,Campbell,CA,45,C001064
123 Linden Boulevard,Brooklyn,NY,11226,3888,NY,9,Yvette Clarke,C001067,Kathy,Castor,FL,14,C001066
167 North Main Street,Memphis,TN,38103,1822,TN,9,Steve Cohen,C001068,Yvette,Clarke,NY,9,C001067
77 Hazard Avenue,Enfield,CT,06082,3890,CT,2,Joe Courtney,C001069,Steve,Cohen,TN,9,C001068
300 East Fall Creek Parkway North Drive,Indianapolis,IN,46205,4258,IN,7,André Carson,C001072,Joe,Courtney,CT,2,C001069
PO Box 426 ,Livingston,LA,70754,426,LA,6,Bill Cassidy,C001075,André,Carson,IN,7,C001072
51 South University Avenue,Provo,UT,84601,4491,UT,3,Jason Chaffetz,C001076,Bill,Cassidy,LA,6,C001075
4308 Ridgewood Center Drive,Woodbridge,VA,22192,5307,VA,11,Gerald Connolly,C001078,Jason,Chaffetz,UT,3,C001076
87 North Raymond Avenue,Pasadena,CA,91103,3966,CA,27,Judy Chu,C001080,Mike,Coffman,CO,6,C001077
201 North Walnut Street,Wilmington,DE,19801,3998,DE,0,John Carney,C001083,Gerald,Connolly,VA,11,C001078
2400 East Highland Drive,Jonesboro,AR,72401,6229,AR,1,Eric Crawford,C001087,Judy,Chu,CA,27,C001080
101 North Centre Street,Pottsville,PA,17901,2972,PA,17,Matthew Cartwright,C001090,John,Carney,DE,0,C001083
6363 De Zavala Road,San Antonio,TX,78249,2104,TX,20,Joaquin Castro,C001091,David,Cicilline,RI,1,C001084
194 Remsdale Street,Toccoa,GA,30577,1899,GA,9,Doug Collins,C001093,Eric,Crawford,AR,1,C001087
221 West Main Street,Prescott,AR,71857,3608,AR,4,Tom Cotton,C001095,Matthew,Cartwright,PA,17,C001090
3003 32nd Avenue South,Fargo,ND,58103,6163,ND,0,Kevin Cramer,C001096,Joaquin,Castro,TX,20,C001091
14546 Hamlin Street,Los Angeles,CA,91411,4102,CA,29,Tony Cárdenas,C001097,Chris,Collins,NY,27,C001092
16 Common Street,Watertown,MA,04901,6611,MA,5,Katherine Clark,C001101,Doug,Collins,GA,9,C001093
3333 West Arthington Street,Chicago,IL,60624,4102,IL,7,Danny Davis,D000096,Paul,Cook,CA,8,C001094
PO Box 2460 ,Roseburg,OR,97470,511,OR,4,Peter DeFazio,D000191,Tom,Cotton,AR,4,C001095
600 Grant Street,Denver,CO,80203,3525,CO,1,Diana DeGette,D000197,Kevin,Cramer,ND,0,C001096
300 State Street,New Haven,CT,01105,1711,CT,3,Rosa DeLauro,D000216,Tony,Cárdenas,CA,29,C001097
301 West Michigan Avenue,Ypsilanti,MI,48197,5450,MI,12,John Dingell,D000355,Katherine,Clark,MA,5,C001101
1313 Southeast Military Drive,San Antonio,TX,78214,2850,TX,35,Lloyd Doggett,D000399,Danny,Davis,IL,7,D000096
11 Duff Road,Pittsburgh,PA,15235,3263,PA,14,Michael Doyle,D000482,Peter,DeFazio,OR,4,D000191
200 East Broadway Avenue,Maryville,TN,37804,5782,TN,2,John Duncan,D000533,Diana,DeGette,CO,1,D000197
2700 Adams Avenue,San Diego,CA,92116,1367,CA,53,Susan Davis,D000598,Rosa,DeLauro,CT,3,D000216
4715 Golden Gate Parkway,Naples,FL,34116,,FL,25,Mario Diaz-Balart,D000600,John,Dingell,MI,12,D000355
1101 Airport Road,Bethlehem,PA,92215,1800,PA,15,Charles Dent,D000604,Lloyd,Doggett,TX,35,D000399
5790 Margate Boulevard,Margate,FL,33063,3614,FL,21,Theodore Deutch,D000610,Michael,Doyle,PA,14,D000482
3509 Coffee Road,Modesto,CA,95355,1356,CA,10,Jeff Denham,D000612,John,Duncan,TN,2,D000533
208 Grand Avenue,Wausau,WI,54403,6217,WI,7,Sean Duffy,D000614,Susan,Davis,CA,53,D000598
207 Maxwell Avenue,Anderson,SC,00802,5820,SC,3,Jeff Duncan,D000615,Mario,Diaz-Balart,FL,25,D000600
305 West Main Street,Murfreesboro,TN,37130,3547,TN,4,Scott DesJarlais,D000616,Charles,Dent,PA,15,D000604
2603 Wheat Drive,Bozeman,MT,56750,4800,MT,0,Steve Daines,D000618,Theodore,Deutch,FL,21,D000610
235 South 6th Street,Springfield,IL,62701,1502,IL,13,Rodney Davis,D000619,Jeff,Denham,CA,10,D000612
1800 Dual Highway,Hagerstown,MD,21742,6646,MD,6,John Delaney,D000620,Sean,Duffy,WI,7,D000614
3000 North Ponce De Leon Boulevard,St. Augustine,FL,32084,8600,FL,6,Ron DeSantis,D000621,Jeff,Duncan,SC,3,D000615
150 South Bloomingdale Road,Bloomingdale,IL,60108,1494,IL,8,Tammy Duckworth,D000622,Scott,DesJarlais,TN,4,D000616
6 Gramatan Avenue,Mount Vernon,NY,10550,3208,NY,16,Eliot Engel,E000179,Suzan,DelBene,WA,1,D000617
698 Emerson Street,Palo Alto,CA,94301,1609,CA,18,Anna Eshoo,E000215,Steve,Daines,MT,0,D000618
2100 Plymouth Avenue North,Minneapolis,MN,55411,3675,MN,5,Keith Ellison,E000288,Rodney,Davis,IL,13,D000619
5001 Silver Hill Road,Suitland-Silver Hill,MD,20746,5208,MD,4,Donna Edwards,E000290,John,Delaney,MD,6,D000620
222 Sunset Avenue,Asheboro,NC,27203,5658,NC,2,Renee Ellmers,E000291,Ron,DeSantis,FL,6,D000621
201 East Nolen Street,West Frankfort,IL,62896,2437,IL,12,William Enyart,E000292,Tammy,Duckworth,IL,8,D000622
50 Washington Road,Woodbury,CT,08550,1012,CT,5,Elizabeth Esty,E000293,Eliot,Engel,NY,16,E000179
701 Ocean Street,Santa Cruz,CA,95060,4027,CA,20,Sam Farr,F000030,Anna,Eshoo,CA,18,E000215
6632 Germantown Avenue,Philadelphia,PA,19119,2250,PA,2,Chaka Fattah,F000043,Keith,Ellison,MN,5,E000288
425 South Main Street,Emporia,VA,23847,2300,VA,4,J. Forbes,F000445,Donna,Edwards,MD,4,E000290
7121 West Bell Road,Glendale,AZ,85308,8549,AZ,8,Trent Franks,F000448,Renee,Ellmers,NC,2,E000291
125 South 4th Street,Norfolk,NE,68701,5200,NE,1,Jeff Fortenberry,F000449,William,Enyart,IL,12,E000292
6000 Meadowbrook Mall Court,Clemmons,NC,27012,8775,NC,5,Virginia Foxx,F000450,Elizabeth,Esty,CT,5,E000293
1717 Newtown Pike,Langhorne,PA,19047,1086,PA,8,Michael Fitzpatrick,F000451,Eni,Faleomavaega,AS,0,F000010
2701 Black Road,Joliet,IL,60435,8412,IL,11,Bill Foster,F000454,Sam,Farr,CA,20,F000030
4834 Richmond Road,Warrensville Heights,OH,44128,6408,OH,11,Marcia Fudge,F000455,Chaka,Fattah,PA,2,F000043
6425 Youree Drive,Shreveport,LA,71105,4634,LA,4,John Fleming,F000456,Rodney,Frelinghuysen,NJ,11,F000372
7975 Stage Hills Boulevard,Memphis,TN,38133,4036,TN,8,Stephen Fincher,F000458,J.,Forbes,VA,4,F000445
200 Administration Road,Oak Ridge,TN,37839,8823,TN,3,Charles Fleischmann,F000459,Trent,Franks,AZ,8,F000448
1501 East Mockingbird Lane,Victoria,TX,77904,2194,TX,27,Blake Farenthold,F000460,Jeff,Fortenberry,NE,1,F000449
600 Austin Avenue,Waco,TX,76710,2018,TX,17,Bill Flores,F000461,Virginia,Foxx,NC,5,F000450
3111 South Dixie Highway,West Palm Beach,FL,33405,1553,FL,22,Lois Frankel,F000462,Michael,Fitzpatrick,PA,8,F000451
7 Court Square,Staunton,VA,24401,4281,VA,6,Bob Goodlatte,G000289,Bill,Foster,IL,11,F000454
256 North Sam Houston Parkway East,Houston,TX,77060,2028,TX,29,Gene Green,G000410,Marcia,Fudge,OH,11,F000455
201 South 8th Street,St. Joseph,MO,64501,2275,MO,6,Sam Graves,G000546,John,Fleming,LA,4,F000456
266 Harristown Road,Glen Rock,NJ,07452,3321,NJ,5,Scott Garrett,G000548,Stephen,Fincher,TN,8,F000458
840 North Park Road,Wyomissing,PA,19610,1307,PA,6,Jim Gerlach,G000549,Charles,Fleischmann,TN,3,F000459
219 Roswell Street,Marietta,GA,30060,2063,GA,11,Phil Gingrey,G000550,Blake,Farenthold,TX,27,F000460
738 North 5th Avenue,Tucson,AZ,85705,8485,AZ,3,Raúl Grijalva,G000551,Bill,Flores,TX,17,F000461
1121 East Southeast Loop 323,Tyler,TX,75701,9660,TX,1,Louie Gohmert,G000552,Lois,Frankel,FL,22,F000462
3003 South Loop West Freeway,Houston,TX,77054,1301,TX,9,Al Green,G000553,Bob,Goodlatte,VA,6,G000289
411 West Lincoln Trail Boulevard,Radcliff,KY,40160,2046,KY,2,Brett Guthrie,G000558,Kay,Granger,TX,12,G000377
712 Main Street,Woodland,CA,95695,3478,CA,3,John Garamendi,G000559,Gene,Green,TX,29,G000410
600 East 1st Street,Rome,GA,30161,3149,GA,14,Tom Graves,G000560,Luis,Gutiérrez,IL,4,G000535
109 South 3rd Street,Sterling,CO,80751,4220,CO,4,Cory Gardner,G000562,Sam,Graves,MO,6,G000546
810 Otsego Avenue,Coshocton,OH,49770,1780,OH,7,Bob Gibbs,G000563,Scott,Garrett,NJ,5,G000548
78 Center Street,Ellenville,NY,01201,6172,NY,19,Christopher Gibson,G000564,Jim,Gerlach,PA,6,G000549
240 South Montezuma Street,Prescott,AZ,86303,4712,AZ,4,Paul Gosar,G000565,Phil,Gingrey,GA,11,G000550
101 West Saint John Street,Spartanburg,SC,29306,5167,SC,4,Trey Gowdy,G000566,Raúl,Grijalva,AZ,3,G000551
1501 North University Avenue,Little Rock,AR,72207,,AR,2,Tim Griffin,G000567,Louie,Gohmert,TX,1,G000552
323 West Main Street,Abingdon,VA,24210,2605,VA,9,H. Griffith,G000568,Al,Green,TX,9,G000553
265 New Dorp Lane,Staten Island,NY,10306,3005,NY,11,Michael Grimm,G000569,Alan,Grayson,FL,9,G000556
103 West Callaghan Street,Fort Stockton,TX,79735,7104,TX,23,Pete Gallego,G000572,Brett,Guthrie,KY,2,G000558
12851 Southwest 42nd Street,Miami,FL,33175,,FL,26,Joe Garcia,G000573,John,Garamendi,CA,3,G000559
4303 Texas Boulevard,Texarkana,TX,75503,3094,TX,4,Ralph Hall,H000067,Tom,Graves,GA,14,G000560
1755 Tiffany Drive East,West Palm Beach,FL,33407,3224,FL,20,Alcee Hastings,H000324,Cory,Gardner,CO,4,G000562
402 East Yakima Avenue,Yakima,WA,98901,5410,WA,4,Doc Hastings,H000329,Bob,Gibbs,OH,7,G000563
100 South Austin Street,Seguin,TX,78155,5702,TX,15,Rubén Hinojosa,H000636,Christopher,Gibson,NY,19,G000564
401 Post Office Road,Waldorf,MD,20602,2738,MD,5,Steny Hoyer,H000874,Paul,Gosar,AZ,4,G000565
39300 Civic Center Drive,Fremont,CA,94538,2324,CA,17,Michael Honda,H001034,Trey,Gowdy,SC,4,G000566
6510 Abrams Road,Dallas,TX,75231,7278,TX,5,Jeb Hensarling,H001036,Tim,Griffin,AR,2,G000567
29 Broadway,Buffalo,NY,02780,3208,NY,26,Brian Higgins,H001038,H.,Griffith,VA,9,G000568
1 Research Boulevard,Starkville,MS,39759,8749,MS,3,Gregg Harper,H001045,Michael,Grimm,NY,11,G000569
300 Ala Moana Boulevard,Honolulu,HI,96850,5104,HI,1,Colleen Hanabusa,H001050,Tulsi,Gabbard,HI,2,G000571
131 Main Street,Oneida,NY,13421,1641,NY,22,Richard Hanna,H001051,Pete,Gallego,TX,23,G000572
212 West Main Street,Salisbury,MD,21801,5026,MD,1,Andy Harris,H001052,Joe,Garcia,FL,26,G000573
415 South Ohio Avenue,Sedalia,MO,65301,,MO,4,Vicky Hartzler,H001053,Ralph,Hall,TX,4,H000067
8485 West Sunset Road,Las Vegas,NV,89113,2251,NV,3,Joseph Heck,H001055,Alcee,Hastings,FL,20,H000324
750 Anderson Street,Vancouver,WA,98661,3853,WA,3,Jaime Herrera Beutler,H001056,Doc,Hastings,WA,4,H000329
119 West Iron Avenue,Salina,KS,67402,,KS,1,Tim Huelskamp,H001057,Rubén,Hinojosa,TX,15,H000636
900 3rd Street,Muskegon,MI,49440,1135,MI,2,Bill Huizenga,H001058,Steny,Hoyer,MD,5,H000874
1797 West State Street,Geneva,IL,60134,4710,IL,14,Randy Hultgren,H001059,Rush,Holt,NJ,12,H001032
1301 Kings Highway,Keysville,VA,65401,3136,VA,5,Robert Hurt,H001060,Michael,Honda,CA,17,H001034
811 Main Street,Buckley,WA,98321,8259,WA,10,Denny Heck,H001064,Jeb,Hensarling,TX,5,H001036
1300 Saint Marys Street,Raleigh,NC,27605,1276,NC,13,George Holding,H001065,Brian,Higgins,NY,26,H001038
230 East Franklin Street,Rockingham,NC,28379,3627,NC,8,Richard Hudson,H001067,Gregg,Harper,MS,3,H001045
1050 Northgate Drive,San Rafael,CA,94903,2580,CA,2,Jared Huffman,H001068,James,Himes,CT,4,H001047
1800 Thibodo Road,Vista,CA,92081,7515,CA,49,Darrell Issa,I000056,Duncan,Hunter,CA,50,H001048
6719 West Montgomery Road,Houston,TX,77091,3105,TX,18,Sheila Jackson Lee,J000032,Colleen,Hanabusa,HI,1,H001050
3102 Maple Avenue,Dallas,TX,75201,1236,TX,30,Eddie Johnson,J000126,Richard,Hanna,NY,22,H001051
2929 North Central Expressway,Richardson,TX,75080,2000,TX,3,Sam Johnson,J000174,Andy,Harris,MD,1,H001052
201 North Front Street,Wilmington,NC,28401,5093,NC,3,Walter Jones,J000255,Vicky,Hartzler,MO,4,H001053
3469 Lawrenceville Highway,Tucker,GA,30084,5866,GA,4,Henry Johnson,J000288,Joseph,Heck,NV,3,H001055
11 East Main Street,Norwalk,OH,44857,1512,OH,4,Jim Jordan,J000289,Jaime,Herrera Beutler,WA,3,H001056
3550 Southwest 5th Street,Topeka,KS,66606,1998,KS,2,Lynn Jenkins,J000290,Tim,Huelskamp,KS,1,H001057
258 Front Street,Marietta,OH,45750,2908,OH,6,Bill Johnson,J000292,Bill,Huizenga,MI,2,H001058
10408 Flatlands Avenue ,Brooklyn,NY,11236,2806,NY,8,Hakeem Jeffries,J000294,Randy,Hultgren,IL,14,H001059
10075 Ravenna Road,Twinsburg,OH,44087,1718,OH,14,David Joyce,J000295,Robert,Hurt,VA,5,H001060
9210 113th Street,Seminole,FL,33772,2800,FL,13,David Jolly,J000296,Janice,Hahn,CA,44,H001063
205 West 20th Street,Lorain,OH,44052,3777,OH,9,Marcy Kaptur,K000009,Denny,Heck,WA,10,H001064
205 5th Avenue South,La Crosse,WI,54601,4059,WI,3,Ron Kind,K000188,George,Holding,NC,13,H001065
1003 Park Boulevard,Massapequa Park,NY,11762,2758,NY,2,Peter King,K000210,Steven,Horsford,NV,4,H001066
1 Diamond Causeway,Savannah,GA,31406,7434,GA,1,Jack Kingston,K000220,Richard,Hudson,NC,8,H001067
800 Oneida Street,Storm Lake,IA,50588,3209,IA,4,Steve King,K000362,Jared,Huffman,CA,2,H001068
15115 Cedar Avenue,Apple Valley,MN,86004,,MN,2,John Kline,K000363,Darrell,Issa,CA,49,I000056
211 North Florence Street,Casa Grande,AZ,85122,4414,AZ,1,Ann Kirkpatrick,K000368,Steve,Israel,NY,3,I000057
208 East Bayfront Parkway,Erie,PA,16507,2405,PA,3,Mike Kelly,K000376,Sheila,Jackson Lee,TX,18,J000032
415 South Mulford Road,Rockford,IL,61108,3011,IL,16,Adam Kinzinger,K000378,Eddie,Johnson,TX,30,J000126
29 Crafts Street,Newton,MA,02458,1275,MA,4,Joseph Kennedy,K000379,Sam,Johnson,TX,3,J000174
258 1st Street,Fenton,MI,13502,4636,MI,5,Daniel Kildee,K000380,Walter,Jones,NC,3,J000255
1019 Pacific Avenue,Tacoma,WA,98402,4486,WA,6,Derek Kilmer,K000381,Henry,Johnson,GA,4,J000288
34 Mechanic Street,Lebanon,NH,01608,2424,NH,2,Ann Kuster,K000382,Jim,Jordan,OH,4,J000289
17926 South Halsted Street,Homewood,IL,60430,2029,IL,2,Robin Kelly,K000385,Lynn,Jenkins,KS,2,J000290
300 East Locust Street,Des Moines,IA,50309,1825,IA,3,Tom Latham,L000111,Bill,Johnson,OH,6,J000292
27085 Gratiot Avenue,Roseville,MI,48066,2947,MI,9,Sander Levin,L000263,Hakeem,Jeffries,NY,8,J000294
100 Peachtree Street Northwest,Atlanta,GA,30303,1906,GA,5,John Lewis,L000287,David,Joyce,OH,14,J000295
635 North 1st Street,San Jose,CA,95112,5110,CA,19,Zoe Lofgren,L000397,David,Jolly,FL,13,J000296
222 Mamaroneck Avenue,White Plains,NY,10605,1316,NY,17,Nita Lowey,L000480,Marcy,Kaptur,OH,9,K000009
10952 Northwest Expressway,Yukon,OK,73099,8214,OK,3,Frank Lucas,L000491,Ron,Kind,WI,3,K000188
1301 Clay Street,Oakland,CA,94612,5233,CA,13,Barbara Lee,L000551,Peter,King,NY,2,K000210
2930 Wetmore Avenue,Everett,WA,98201,4070,WA,2,Rick Larsen,L000560,Jack,Kingston,GA,1,K000220
1250 Hancock Street,Quincy,MA,02169,4331,MA,8,Stephen Lynch,L000562,Steve,King,IA,4,K000362
5309 West 95th Street,Oak Lawn,IL,60453,2444,IL,3,Daniel Lipinski,L000563,John,Kline,MN,2,K000363
1271 Kelly Johnson Boulevard,Colorado Springs,CO,80920,3965,CO,5,Doug Lamborn,L000564,Ann,Kirkpatrick,AZ,1,K000368
1 2nd Street,Calamus,IA,08861,4517,IA,2,David Loebsack,L000565,William,Keating,MA,9,K000375
100 East Main Cross Street,Findlay,OH,45840,4888,OH,5,Robert Latta,L000566,Mike,Kelly,PA,3,K000376
425 North Avenue East,Westfield,NJ,07090,1537,NJ,7,Leonard Lance,L000567,Adam,Kinzinger,IL,16,K000378
516 Jefferson Street,Washington,MO,63090,2706,MO,3,Blaine Luetkemeyer,L000569,Joseph,Kennedy,MA,4,K000379
811 Saint Michaels Drive,Santa Fe,NM,87505,7640,NM,3,Ben Luján,L000570,Daniel,Kildee,MI,5,K000380
45 East Loucks Street,Sheridan,WY,82801,6331,WY,0,Cynthia Lummis,L000571,Derek,Kilmer,WA,6,K000381
33 East Broadway Avenue,Meridian,ID,83642,2619,ID,1,Raúl Labrador,L000573,Ann,Kuster,NH,2,K000382
1015 North Broadway Avenue,Oklahoma City,OK,73102,5849,OK,5,James Lankford,L000575,Robin,Kelly,IL,2,K000385
5500 Palisades Avenue,Battlefield,MO,07093,2124,MO,7,Billy Long,L000576,Tom,Latham,IA,3,L000111
280 Hemsted Drive,Redding,CA,96002,164,CA,1,Doug LaMalfa,L000578,Sander,Levin,MI,9,L000263
100 West Broadway,Long Beach,CA,90802,4486,CA,47,Alan Lowenthal,L000579,John,Lewis,GA,5,L000287
3211 Coors Boulevard Southwest,Albuquerque,NM,87121,5255,NM,1,Michelle Lujan Grisham,L000580,Zoe,Lofgren,CA,19,L000397
1651 3rd Avenue,New York,NY,10128,3679,NY,12,Carolyn Maloney,M000087,Nita,Lowey,NY,17,L000480
300 Garden City Plaza,Garden City,NY,11530,3338,NY,4,Carolyn McCarthy,M000309,Frank,Lucas,OK,3,L000491
558 Pleasant Street,Northampton,MA,02740,6246,MA,2,James McGovern,M000312,Barbara,Lee,CA,13,L000551
18560 1st Avenue Northeast,Shoreline,WA,98155,2150,WA,7,Jim McDermott,M000404,Frank,LoBiondo,NJ,2,L000554
201 North East Street,Roseboro,NC,92401,1520,NC,7,Mike McIntyre,M000485,John,Larson,CT,1,L000557
26650 The Old Road,Valencia,CA,91381,750,CA,25,Howard McKeon,M000508,James,Langevin,RI,2,L000559
2461 West State Road 426,Oviedo,FL,32765,4508,FL,7,John Mica,M000689,Rick,Larsen,WA,2,L000560
1981 North Broadway,Walnut Creek,CA,94596,3877,CA,11,George Miller,M000725,Stephen,Lynch,MA,8,L000562
200 South Courthouse Road,Arlington,VA,29360,,VA,8,James Moran,M000933,Daniel,Lipinski,IL,3,L000563
90-16 Rockaway Beach Boulevard,Queens,NY,11693,1530,NY,5,Gregory Meeks,M001137,Doug,Lamborn,CO,5,L000564
1150 Brookside Avenue,Redlands,CA,92373,6314,CA,31,Gary Miller,M001139,David,Loebsack,IA,2,L000565
240 East Morris Avenue,Salt Lake City,UT,84115,3296,UT,4,Jim Matheson,M001142,Robert,Latta,OH,5,L000566
6043 Hudson Road,Woodbury,MN,55125,1004,MN,4,Betty McCollum,M001143,Leonard,Lance,NJ,7,L000567
4300 Bayou Boulevard,Pensacola,FL,32503,2679,FL,1,Jeff Miller,M001144,Blaine,Luetkemeyer,MO,3,L000569
48701 Van Dyke Avenue,Shelby Township,MI,48317,2560,MI,10,Candice Miller,M001150,Ben,Luján,NM,3,L000570
504 Washington Road,Pittsburgh,PA,15228,2817,PA,18,Tim Murphy,M001151,Cynthia,Lummis,WY,0,L000571
311 East Marion Street,Shelby,NC,28151,4611,NC,10,Patrick McHenry,M001156,Raúl,Labrador,ID,1,L000573
990 Village Square Drive,Tomball,TX,77375,4269,TX,10,Michael McCaul,M001157,James,Lankford,OK,5,L000575
9901 Valley Ranch Parkway East,Irving,TX,75063,7186,TX,24,Kenny Marchant,M001158,Billy,Long,MO,7,L000576
29 South Palouse Street,Walla Walla,WA,99362,1925,WA,5,Cathy McMorris Rodgers,M001159,Doug,LaMalfa,CA,1,L000578
219 North Milwaukee Street,Milwaukee,WI,53202,5818,WI,4,Gwen Moore,M001160,Alan,Lowenthal,CA,47,L000579
600 I Street,Sacramento,CA,95814,4778,CA,6,Doris Matsui,M001163,Michelle,Lujan Grisham,NM,1,L000580
4100 Empire Drive,Bakersfield,CA,93309,409,CA,23,Kevin McCarthy,M001165,Carolyn,Maloney,NY,12,M000087
2222 Grand Canal Boulevard,Stockton,CA,95207,6671,CA,9,Jerry McNerney,M001166,Carolyn,McCarthy,NY,4,M000309
100 South Clinton Street,Syracuse,NY,13261,6100,NY,24,Daniel Maffei,M001171,James,McGovern,MA,2,M000312
8700 Auburn Folsom Road,Auburn,CA,95746,8501,CA,4,Tom McClintock,M001177,Jim,McDermott,WA,7,M000404
1000 Commerce Park Drive,Williamsport,PA,17701,5475,PA,10,Tom Marino,M001179,Mike,McIntyre,NC,7,M000485
1125 Chapline Street,Wheeling,WV,26003,2976,WV,1,David McKinley,M001180,Howard,McKeon,CA,25,M000508
107 Old Airport Road,Douglassville,PA,30474,8840,PA,7,Patrick Meehan,M001181,John,Mica,FL,7,M000689
1456 Ebenezer Road,Rock Hill,SC,29732,2339,SC,5,Mick Mulvaney,M001182,George,Miller,CA,11,M000725
400 North Main Street,Williamstown,KY,41097,1026,KY,4,Thomas Massie,M001184,James,Moran,VA,8,M000933
16 James Street,Middletown,NY,10940,5787,NY,18,Sean Maloney,M001185,Gregory,Meeks,NY,5,M001137
125 Bonnie Lane,Sylva,NC,28779,8552,NC,11,Mark Meadows,M001187,Gary,Miller,CA,31,M001139
80-02 Kew Gardens Road,Queens,NY,11415,3605,NY,6,Grace Meng,M001188,Jim,Matheson,UT,4,M001142
107 West Charles Street,Muncie,IN,47305,2804,IN,6,Luke Messer,M001189,Betty,McCollum,MN,4,M001143
431 West Broadway Street,Muskogee,OK,74401,6614,OK,2,Markwayne Mullin,M001190,Jeff,Miller,FL,1,M001144
171 Southwest Flagler Avenue,Stuart,FL,34994,2139,FL,18,Patrick Murphy,M001191,Michael,Michaud,ME,2,M001149
1900 Stubbs Avenue,Monroe,LA,71201,5751,LA,5,Vance McAllister,M001192,Candice,Miller,MI,10,M001150
201 Varick Street,New York,NY,10014,7069,NY,10,Jerrold Nadler,N000002,Tim,Murphy,PA,18,M001151
6448 Main Street,North Branch,MN,55056,7068,MN,8,Richard Nolan,N000127,Patrick,McHenry,NC,10,M001156
510 East Foothill Boulevard,San Dimas,CA,91773,1254,CA,32,Grace Napolitano,N000179,Michael,McCaul,TX,10,M001157
113 North Church Street,Visalia,CA,93291,6300,CA,22,Devin Nunes,N000181,Kenny,Marchant,TX,24,M001158
611 University Avenue,Lubbock,TX,79401,2206,TX,19,Randy Neugebauer,N000182,Cathy,McMorris Rodgers,WA,5,M001159
505 12th Street Southeast,Watertown,SD,57201,4973,SD,0,Kristi Noem,N000184,Gwen,Moore,WI,4,M001160
115 Southeast 25th Avenue,Ocala,FL,34471,9179,FL,11,Richard Nugent,N000185,Doris,Matsui,CA,6,M001163
337 East Main Street,Tupelo,MS,38804,4025,MS,1,Alan Nunnelee,N000186,Kevin,McCarthy,CA,23,M001165
1650 Highway 6,Sugar Land,TX,77478,4921,TX,22,Pete Olson,O000168,Jerry,McNerney,CA,9,M001166
120 Washington Street,Watertown,NY,13601,3370,NY,21,William Owens,O000169,Daniel,Maffei,NY,24,M001171
310 North Mesa Street,El Paso,TX,79901,1301,TX,16,Beto O'Rourke,O000170,Tom,McClintock,CA,4,M001177
200 Federal Plaza,Paterson,NJ,07505,1953,NJ,9,Bill Pascrell,P000096,Tom,Marino,PA,10,M001179
411 North Central Avenue,Phoenix,AZ,85004,2120,AZ,7,Ed Pastor,P000099,David,McKinley,WV,1,M001180
49 Leavenworth Street,San Francisco,CA,06702,2115,CA,12,Nancy Pelosi,P000197,Patrick,Meehan,PA,7,M001181
320 4th Street Southwest,Willmar,MN,56201,3300,MN,7,Collin Peterson,P000258,Mick,Mulvaney,SC,5,M001182
2390 Highway 44,Oshkosh,WI,54904,6438,WI,6,Thomas Petri,P000265,Thomas,Massie,KY,4,M001184
PO Box 837 ,Unionville,PA,19375,837,PA,16,Joseph Pitts,P000373,Sean,Maloney,NY,18,M001185
5400 Trinity Road,Raleigh,NC,27607,3815,NC,4,David Price,P000523,Mark,Meadows,NC,11,M001187
1717 West 2nd Street,Roswell,NM,88201,2029,NM,2,Stevan Pearce,P000588,Grace,Meng,NY,6,M001188
3730 Roswell Road,Marietta,GA,30062,8818,GA,6,Tom Price,P000591,Luke,Messer,IN,6,M001189
1801 Kingwood Drive,Humble,TX,77339,3058,TX,2,Ted Poe,P000592,Markwayne,Mullin,OK,2,M001190
1200 East 78th Avenue,Denver,CO,80229,5930,CO,7,Ed Perlmutter,P000593,Patrick,Murphy,FL,18,M001191
250 Prairie Center Drive,Eden Prairie,MN,55344,7904,MN,3,Erik Paulsen,P000594,Vance,McAllister,LA,5,M001192
400 Monroe Street,Detroit,MI,48226,2944,MI,14,Gary Peters,P000595,Jerrold,Nadler,NY,10,N000002
2 Portland Fish Pier,Portland,ME,04101,4633,ME,1,Chellie Pingree,P000597,Richard,Neal,MA,1,N000015
123 North College Avenue,Fort Collins,CO,80524,2489,CO,2,Jared Polis,P000598,Richard,Nolan,MN,8,N000127
2725 Judge Fran Jamieson Way,Melbourne,FL,32940,6605,FL,8,Bill Posey,P000599,Eleanor,Norton,DC,0,N000147
701 Main Street,Hattiesburg,MS,39401,3478,MS,4,Steven Palazzo,P000601,Grace,Napolitano,CA,32,N000179
155 North Market Street,Wichita,KS,67202,1818,KS,4,Mike Pompeo,P000602,Devin,Nunes,CA,22,N000181
13 Municipal Plaza,Bloomfield,NJ,07003,3470,NJ,10,Donald Payne,P000604,Randy,Neugebauer,TX,19,N000182
2209 East Market Street,East York,PA,17402,2853,PA,4,Scott Perry,P000605,Kristi,Noem,SD,0,N000184
6525 Morrison Boulevard,Charlotte,NC,28211,501,NC,9,Robert Pittenger,P000606,Richard,Nugent,FL,11,N000185
10 East Doty Street,Madison,WI,53703,5103,WI,2,Mark Pocan,P000607,Alan,Nunnelee,MS,1,N000186
1057 West Belmont Avenue,Chicago,IL,60657,3327,IL,5,Mike Quigley,Q000023,Gloria,Negrete McLeod,CA,35,N000187
220 Dingess Street,Logan,WV,25601,3626,WV,3,Nick Rahall,R000011,Pete,Olson,TX,22,O000168
163 West 125th Street,New York,NY,10027,4404,NY,13,Charles Rangel,R000053,William,Owens,NY,21,O000169
Clifty Street,Somerset,KY,42501,1782,KY,5,Harold Rogers,R000395,Beto,O'Rourke,TX,16,O000170
610 Newport Center Drive,Newport Beach,CA,92660,8034,CA,48,Dana Rohrabacher,R000409,Frank,Pallone,NJ,6,P000034
4960 Southwest 72nd Avenue,Miami,FL,33155,5544,FL,27,Ileana Ros-Lehtinen,R000435,Bill,Pascrell,NJ,9,P000096
4716 East Cesar E Chavez Avenue,East Los Angeles,CA,90022,1210,CA,40,Lucille Roybal-Allard,R000486,Ed,Pastor,AZ,7,P000099
1800 East Lambert Road,Brea,CA,92821,4396,CA,39,Edward Royce,R000487,Nancy,Pelosi,CA,12,P000197
3235 147th Street,Midlothian,IL,60445,3656,IL,1,Bobby Rush,R000515,Collin,Peterson,MN,7,P000258
216 6th Street,Racine,WI,53403,1216,WI,1,Paul Ryan,R000570,Thomas,Petri,WI,6,P000265
1000 West Saint Joseph Street,Lansing,MI,48915,2552,MI,8,Mike Rogers,R000572,Joseph,Pitts,PA,16,P000373
1819 Pepperell Parkway,Opelika,AL,36801,5476,AL,3,Mike Rogers,R000575,David,Price,NC,4,P000523
375 West Padonia Road,Lutherville-Timonium,MD,21093,2130,MD,2,C. Ruppersberger,R000576,Stevan,Pearce,NM,2,P000588
241 West Federal Street,Youngstown,OH,44503,1207,OH,13,Tim Ryan,R000577,Tom,Price,GA,6,P000591
6262 Route 83,Willowbrook,IL,60527,2987,IL,6,Peter Roskam,R000580,Ted,Poe,TX,2,P000592
1609 College Park Drive,Morristown,TN,37813,1659,TN,1,David Roe,R000582,Ed,Perlmutter,CO,7,P000593
226 Taylor Street,Punta Gorda,FL,33950,4459,FL,17,Thomas Rooney,R000583,Erik,Paulsen,MN,3,P000594
2 East 2nd Street,Jamestown,NY,14701,5206,NY,23,Tom Reed,R000585,Gary,Peters,MI,14,P000595
7904 Day Drive,Parma,OH,44129,5637,OH,16,James Renacci,R000586,Pedro,Pierluisi,PR,0,P000596
333 West College Avenue,Appleton,WI,54911,5898,WI,8,Reid Ribble,R000587,Chellie,Pingree,ME,1,P000597
2021 Lakeshore Drive,New Orleans,LA,70122,3501,LA,2,Cedric Richmond,R000588,Jared,Polis,CO,2,P000598
4772 Euclid Road,Virginia Beach,VA,23462,3800,VA,2,E. Rigell,R000589,Bill,Posey,FL,8,P000599
7550 Halcyon Summit Drive,Montgomery,AL,36117,7008,AL,2,Martha Roby,R000591,Steven,Palazzo,MS,4,P000601
2680 West Main Street,Pittsboro,IN,46167,2829,IN,4,Todd Rokita,R000592,Mike,Pompeo,KS,4,P000602
110 West Reynolds Street,Plant City,FL,33563,3377,FL,15,Dennis Ross,R000593,Donald,Payne,NJ,10,P000604
108 Lacey Road,Lacey Township,NJ,08759,1331,NJ,3,Jon Runyan,R000594,Scott,Perry,PA,4,P000605
1800 North Oak Street,Myrtle Beach,SC,29577,3141,SC,7,Tom Rice,R000597,Robert,Pittenger,NC,9,P000606
118 West Main Street,Somerset,PA,15501,2047,PA,12,Keith Rothfus,R000598,Mark,Pocan,WI,2,P000607
707 East Tahquitz Canyon Way,Palm Springs,CA,92262,101,CA,36,Raul Ruiz,R000599,Scott,Peters,CA,52,P000608
1110 East Chapman Avenue,Orange,CA,92866,2145,CA,46,Loretta Sanchez,S000030,Mike,Quigley,IL,5,Q000023
2000 Sam Rittenberg Boulevard,Charleston,SC,29407,4631,SC,1,Marshall Sanford,S000051,Nick,Rahall,WV,3,R000011
400 North 8th Street,Richmond,VA,23219,1321,VA,3,Robert Scott,S000185,Charles,Rangel,NY,13,R000053
120 Bishops Way,Brookfield,WI,53005,6294,WI,5,F. Sensenbrenner,S000244,Harold,Rogers,KY,5,R000395
1231 Lafayette Avenue,Bronx,NY,10474,5331,NY,15,José Serrano,S000248,Dana,Rohrabacher,CA,48,R000409
12750 Merit Drive,Dallas,TX,75251,1229,TX,32,Pete Sessions,S000250,Ileana,Ros-Lehtinen,FL,27,R000435
5000 Van Nuys Boulevard,Los Angeles,CA,91403,1791,CA,30,Brad Sherman,S000344,Lucille,Roybal-Allard,CA,40,R000486
120 South Fair Street,Olney,IL,62450,2258,IL,15,John Shimkus,S000364,Edward,Royce,CA,39,R000487
1280 Titus Avenue,Rochester,NY,14617,4125,NY,25,Louise Slaughter,S000480,Bobby,Rush,IL,1,R000515
2737 78th Avenue Southeast,Mercer Island,WA,98040,2843,WA,9,Adam Smith,S000510,Paul,Ryan,WI,1,R000570
1540 Kuser Road,Hamilton Township,NJ,08619,3828,NJ,4,Christopher Smith,S000522,Mike,Rogers,MI,8,R000572
1100 Northeast Interstate 410 Loop,San Antonio,TX,78209,1530,TX,21,Lamar Smith,S000583,Mike,Rogers,AL,3,R000575
420 Green Avenue,Orange,TX,77630,5803,TX,36,Steve Stockman,S000937,C.,Ruppersberger,MD,2,R000576
820 Davis Street,Evanston,IL,60201,4400,IL,9,Janice Schakowsky,S001145,Tim,Ryan,OH,13,R000577
1341 Fillmore Street,Twin Falls,ID,83301,3392,ID,2,Michael Simpson,S001148,David,Reichert,WA,8,R000578
1910 Sunset Boulevard,Los Angeles,CA,90026,3445,CA,28,Adam Schiff,S001150,Peter,Roskam,IL,6,R000580
20 North Gallatin Avenue,Uniontown,PA,15401,3545,PA,9,Bill Shuster,S001154,David,Roe,TN,1,R000582
11627 Telegraph Road,Whittier,CA,90670,6810,CA,38,Linda Sánchez,S001156,Thomas,Rooney,FL,17,R000583
888 Concord Road Southeast,Smyrna,GA,30080,4202,GA,13,David Scott,S001157,Tom,Reed,NY,23,R000585
706 West Avenue,Jenkintown,PA,19046,2710,PA,13,Allyson Schwartz,S001162,James,Renacci,OH,16,R000586
305 4th Street,Newark,NJ,01840,1445,NJ,8,Albio Sires,S001165,Reid,Ribble,WI,8,R000587
600 Baltimore Avenue,Towson,MD,21204,4022,MD,3,John Sarbanes,S001168,Cedric,Richmond,LA,2,R000588
59 Elm Street,Manchester,NH,06510,2036,NH,1,Carol Shea-Porter,S001170,E.,Rigell,VA,2,R000589
416 Valley View Drive,Scottsbluff,NE,69361,1445,NE,3,Adrian Smith,S001172,Martha,Roby,AL,2,R000591
400 South El Camino Real,San Mateo,CA,94402,1761,CA,14,Jackie Speier,S001175,Todd,Rokita,IN,4,R000592
110 Veterans Memorial Boulevard,Metairie,LA,70005,4970,LA,1,Steve Scalise,S001176,Dennis,Ross,FL,15,R000593
PO Box 504879 ,Capitol Hill,Saipan,96950,4310,MP,0,Gregorio Sablan,S001177,Jon,Runyan,NJ,3,R000594
3130 Chatham Road,Springfield,IL,62704,5379,IL,18,Aaron Schock,S001179,Tom,Rice,SC,7,R000597
494 State Street,Salem,OR,97301,3830,OR,5,Kurt Schrader,S001180,Keith,Rothfus,PA,12,R000598
10603 North Hayden Road,Scottsdale,AZ,85260,5571,AZ,6,David Schweikert,S001183,Raul,Ruiz,CA,36,R000599
1118 Greensboro Avenue,Tuscaloosa,AL,35401,2861,AL,7,Terri Sewell,S001185,Matt,Salmon,AZ,5,S000018
3116 Capital Circle Northeast,Tallahassee,FL,32308,7791,FL,2,Steve Southerland,S001186,Loretta,Sanchez,CA,46,S000030
61 East Main Street,Wilmington,OH,45177,2330,OH,15,Steve Stivers,S001187,Marshall,Sanford,SC,1,S000051
700 Park Avenue,Winona Lake,IN,46590,1066,IN,3,Marlin Stutzman,S001188,Robert,Scott,VA,3,S000185
230 Margie Drive,Warner Robins,GA,31088,7813,GA,8,Austin Scott,S001189,F.,Sensenbrenner,WI,5,S000244
650 Dundee Road,Northbrook,IL,60062,2757,IL,10,Bradley Schneider,S001190,José,Serrano,NY,15,S000248
2400 East Arizona Biltmore Circle,Phoenix,AZ,85016,2195,AZ,9,Kyrsten Sinema,S001191,Pete,Sessions,TX,32,S000250
7800 Route 201,Magna,UT,84088,4314,UT,2,Chris Stewart,S001192,Brad,Sherman,CA,30,S000344
5776 Stoneridge Mall Road,Pleasanton,CA,94588,2836,CA,15,Eric Swalwell,S001193,John,Shimkus,IL,15,S000364
35 Court Square,West Plains,MO,65775,3453,MO,8,Jason Smith,S001195,Louise,Slaughter,NY,25,S000480
509 U.S. 82,Greenwood,MS,38930,5030,MS,2,Bennie Thompson,T000193,Adam,Smith,WA,9,S000510
4245 Kemp Boulevard,Wichita Falls,TX,76308,2829,TX,13,Mac Thornberry,T000238,Christopher,Smith,NJ,4,S000522
17 Peabody Square,Peabody,MA,01960,5646,MA,6,John Tierney,T000266,Lamar,Smith,TX,21,S000583
11717 Burt Street,Omaha,NE,68154,1500,NE,2,Lee Terry,T000459,Steve,Stockman,TX,36,S000937
375 G Street,Vallejo,CA,94592,5706,CA,5,Mike Thompson,T000460,Janice,Schakowsky,IL,9,S001145
1166 Military Road,Zanesville,OH,43701,1562,OH,12,Patrick Tiberi,T000462,Michael,Simpson,ID,2,S001148
120 West 3rd Street,Dayton,OH,45402,1819,OH,10,Michael Turner,T000463,Adam,Schiff,CA,28,S001150
33 Lowell Street,Andover,MA,03101,1641,MA,3,Niki Tsongas,T000465,Bill,Shuster,PA,9,S001154
127 West Spring Street,Titusville,PA,16354,1727,PA,5,Glenn Thompson,T000467,Linda,Sánchez,CA,38,S001156
2340 Paseo Del Prado,Las Vegas,NV,89102,4340,NV,1,Dina Titus,T000468,David,Scott,GA,13,S001157
105 Jay Street,Schenectady,NY,12305,1905,NY,20,Paul Tonko,T000469,Allyson,Schwartz,PA,13,S001162
503 North Main Street,Pueblo,CO,81003,3132,CO,3,Scott Tipton,T000470,Albio,Sires,NJ,8,S001165
3400 Central Avenue,Riverside,CA,92506,2163,CA,41,Mark Takano,T000472,John,Sarbanes,MD,3,S001168
800 Ship Street,St. Joseph,MI,49085,2182,MI,6,Fred Upton,U000031,Carol,Shea-Porter,NH,1,S001170
16 Court Street,Brooklyn,NY,11241,1010,NY,7,Nydia Velázquez,V000081,Adrian,Smith,NE,3,S001172
100 East Michigan Boulevard,Michigan City,IN,46360,3271,IN,1,Peter Visclosky,V000108,Jackie,Speier,CA,14,S001175
412 Malcolm Drive,Westminster,MD,21157,6174,MD,8,Chris Van Hollen,V000128,Steve,Scalise,LA,1,S001176
333 F Street,Chula Vista,CA,91910,2624,CA,51,Juan Vargas,V000130,Gregorio,Sablan,MP,0,S001177
1100 Circle Drive,Fort Worth,TX,76119,8111,TX,33,Marc Veasey,V000131,Aaron,Schock,IL,18,S001179
1805 East Ruben M Torres Sr Boulevard,Brownsville,TX,78521,1115,TX,34,Filemon Vela,V000132,Kurt,Schrader,OR,5,S001180
10124 Broadway,Los Angeles,CA,90003,4353,CA,43,Maxine Waters,W000187,David,Schweikert,AZ,6,S001183
8436 West 3rd Street,Los Angeles,CA,90048,4183,CA,33,Henry Waxman,W000215,Terri,Sewell,AL,7,S001185
200 North Main Street,Tompkinsville,KY,42167,1548,KY,1,Ed Whitfield,W000413,Steve,Southerland,FL,2,S001186
110 North Cameron Street,Winchester,VA,22601,4730,VA,10,Frank Wolf,W000672,Steve,Stivers,OH,15,S001187
843 East Main Street,Medford,OR,97504,7137,OR,2,Greg Walden,W000791,Marlin,Stutzman,IN,3,S001188
PO Box 2381 ,West Columbia,SC,29171,2381,SC,2,Joe Wilson,W000795,Austin,Scott,GA,8,S001189
1601 Highway 34,Newnan,GA,30265,1325,GA,3,Lynn Westmoreland,W000796,Bradley,Schneider,IL,10,S001190
9293 Harding Avenue,Surfside,FL,33154,3009,FL,23,Debbie Wasserman Schultz,W000797,Kyrsten,Sinema,AZ,9,S001191
23 East Front Street,Monroe,MI,48161,2256,MI,7,Tim Walberg,W000798,Chris,Stewart,UT,2,S001192
1134 7th Street Northwest,Rochester,MN,55901,1732,MN,1,Timothy Walz,W000799,Eric,Swalwell,CA,15,S001193
32 Main Street,Burlington,VT,03561,4072,VT,0,Peter Welch,W000800,Jason,Smith,MO,8,S001195
4904 George Washington Memorial Highway,Yorktown,VA,23692,2769,VA,1,Robert Wittman,W000804,Bennie,Thompson,MS,2,T000193
300 West Plant Street,Winter Garden,FL,34787,3009,FL,10,Daniel Webster,W000806,Mac,Thornberry,TX,13,T000238
10100 Pines Boulevard,Pembroke Pines,FL,33026,6040,FL,24,Frederica Wilson,W000808,John,Tierney,MA,6,T000266
3333 South Pinnacle Hills Parkway,Rogers,AR,72758,8979,AR,3,Steve Womack,W000809,Lee,Terry,NE,2,T000459
75 Langley Drive,Lawrenceville,GA,30046,6935,GA,7,Rob Woodall,W000810,Mike,Thompson,CA,5,T000460
8764 Manchester Road,Brentwood,MO,63144,2735,MO,2,Ann Wagner,W000812,Patrick,Tiberi,OH,12,T000462
207 East Colfax Avenue,South Bend,IN,46601,1606,IN,2,Jackie Walorski,W000813,Michael,Turner,OH,10,T000463
122 West Way Street,Lake Jackson,TX,77566,5245,TX,14,Randy Weber,W000814,Niki,Tsongas,MA,3,T000465
602 Chillicothe Street,Portsmouth,OH,45662,4262,OH,2,Brad Wenstrup,W000815,Glenn,Thompson,PA,5,T000467
115 South Main Street,Cleburne,TX,76033,5501,TX,25,Roger Williams,W000816,Dina,Titus,NV,1,T000468
540 Water Street,Ketchikan,AK,99901,6378,AK,0,Don Young,Y000033,Paul,Tonko,NY,20,T000469
7219 Dixie Highway,Louisville,KY,40258,3756,KY,3,John Yarmuth,Y000062,Scott,Tipton,CO,3,T000470
500 State Avenue,Kansas City,KS,66101,2409,KS,3,Kevin Yoder,Y000063,Mark,Takano,CA,41,T000472
Quartermaster Court,Jeffersonville,IN,47130,3669,IN,9,Todd Young,Y000064,Fred,Upton,MI,6,U000031
1726 Kingsley Avenue,Orange Park,FL,32073,4411,FL,3,Ted Yoho,Y000065,Nydia,Velázquez,NY,7,V000081
3301 Tamiami Trail East,Naples,FL,34112,3969,FL,19,,,Peter,Visclosky,IN,1,V000108
,,,,,,,,,Chris,Van Hollen,MD,8,V000128
,,,,,,,,,David,Valadao,CA,21,V000129
,,,,,,,,,Juan,Vargas,CA,51,V000130
,,,,,,,,,Marc,Veasey,TX,33,V000131
,,,,,,,,,Filemon,Vela,TX,34,V000132
,,,,,,,,,Maxine,Waters,CA,43,W000187
,,,,,,,,,Henry,Waxman,CA,33,W000215
,,,,,,,,,Ed,Whitfield,KY,1,W000413
,,,,,,,,,Frank,Wolf,VA,10,W000672
,,,,,,,,,Greg,Walden,OR,2,W000791
,,,,,,,,,Joe,Wilson,SC,2,W000795
,,,,,,,,,Lynn,Westmoreland,GA,3,W000796
,,,,,,,,,Debbie,Wasserman Schultz,FL,23,W000797
,,,,,,,,,Tim,Walberg,MI,7,W000798
,,,,,,,,,Timothy,Walz,MN,1,W000799
,,,,,,,,,Peter,Welch,VT,0,W000800
,,,,,,,,,Robert,Wittman,VA,1,W000804
,,,,,,,,,Daniel,Webster,FL,10,W000806
,,,,,,,,,Frederica,Wilson,FL,24,W000808
,,,,,,,,,Steve,Womack,AR,3,W000809
,,,,,,,,,Rob,Woodall,GA,7,W000810
,,,,,,,,,Ann,Wagner,MO,2,W000812
,,,,,,,,,Jackie,Walorski,IN,2,W000813
,,,,,,,,,Randy,Weber,TX,14,W000814
,,,,,,,,,Brad,Wenstrup,OH,2,W000815
,,,,,,,,,Roger,Williams,TX,25,W000816
,,,,,,,,,Don,Young,AK,0,Y000033
,,,,,,,,,John,Yarmuth,KY,3,Y000062
,,,,,,,,,Kevin,Yoder,KS,3,Y000063
,,,,,,,,,Todd,Young,IN,9,Y000064
,,,,,,,,,Ted,Yoho,FL,3,Y000065