415 South Main Street,Aberdeen,SD,57401,4304,SD,0,Kristi Noem,N000184500 Chestnut Street,Abilene,TX,79602,1453,TX,19,Randy Neugebauer,N000182323 West Main Street,Abingdon,VA,24210,2605,VA,9,H. Griffith,G00056823386 Front Street,Accomac,VA,23301,,VA,2,E. Rigell,R000589492 Main Street,Buffalo,NY,1720,3939,NY,26,Brian Higgins,H001038100 East 13th Street,Ada,OK,74820,6502,OK,4,Tom Cole,C0010531028 Hayne Avenue Southwest,Aiken,SC,29801,3730,SC,2,Joe Wilson,W0007952 South Main Street,Akron,OH,44308,1810,OH,11,Marcia Fudge,F0004551030 East Tallmadge Avenue,Akron,OH,44310,3563,OH,13,Tim Ryan,R0005771101 North New York Avenue,Alamogordo,NM,88310,6923,NM,2,Stevan Pearce,P000588609 Main Street,Alamosa,CO,81101,2557,CO,3,Scott Tipton,T000470235 West Roosevelt Avenue,Albany,GA,31701,5132,GA,2,Sanford Bishop,B00049011 Clinton Avenue,Albany,NY,12207,2355,NY,20,Paul Tonko,T000469505 Marquette Avenue Northwest,Albuquerque,NM,87102,5803,NM,1,Michelle Lujan Grisham,L0005803211 Coors Boulevard Southwest,Albuquerque,NM,87121,5255,NM,1,Michelle Lujan Grisham,L0005801412 Centre Court,Alexandria,LA,71301,3449,LA,5,Vance McAllister,M001192333 North Fairfax Street,Alexandria,VA,22314,2632,VA,8,James Moran,M0009332110 McLean Street,Aliquippa,PA,15001,2964,PA,12,Keith Rothfus,R000598905 South Fillmore Street,Amarillo,TX,79101,3541,TX,13,Mac Thornberry,T0002381421 South Bell Avenue,Ames,IA,50010,7710,IA,4,Steve King,K00036261 Church Street,Amsterdam,NY,12010,4424,NY,20,Paul Tonko,T000469510 L Street,Anchorage,AK,99501,1959,AK,0,Don Young,Y000033505 North 3 Notch Street,Troy,AL,63420,3129,AL,2,Martha Roby,R0005911134 Meridian Street,Anderson,IN,46016,1713,IN,5,Susan Brooks,B001284West Beltline Boulevard,Anderson County,SC,29625,1505,SC,3,Jeff Duncan,D0006154115 Annandale Road,Annandale,VA,22003,2500,VA,11,Gerald Connolly,C00107844 Calvert Street,Annapolis,MD,21401,1930,MD,3,John Sarbanes,S0011681129 Noble Street,Anniston,AL,36201,4674,AL,3,Mike Rogers,R000575420 West 3rd Street,Antioch,CA,94509,1274,CA,11,George Miller,M000725333 West College Avenue,Appleton,WI,54911,5898,WI,8,Reid Ribble,R000587Ronald Reagan Memorial Tollway,,IL,76017,,IL,16,Adam Kinzinger,K000378222 Sunset Avenue,Asheboro,NC,27203,5658,NC,2,Renee Ellmers,E0002911405 Greenup Avenue,Ashland,KY,41101,7573,KY,4,Thomas Massie,M001184205 College Street,Asheville,NC,28801,3017,NC,10,Patrick McHenry,M00115628-11 Astoria Boulevard,Queens,NY,11102,1933,NY,12,Carolyn Maloney,M0000875805 Capistrano Avenue,Atascadero,CA,93422,7218,CA,24,Lois Capps,C0010363706 Atlanta Highway,Bogart,GA,30606,7202,GA,10,Paul Broun,B0012626 East Madison Avenue,Athens,TN,37303,4297,TN,3,Charles Fleischmann,F000459702 East Corsicana Street,Athens,TX,75751,2629,TX,5,Jeb Hensarling,H001036100 Peachtree Street Northwest,Atlanta,GA,30303,1906,GA,5,John Lewis,L0002878 Main Street,Burlington,VT,2703,2282,VT,0,Peter Welch,W000800110 Genesee Street,Auburn,NY,13021,3622,NY,24,Daniel Maffei,M001171925 Laney-Walker Boulevard,Augusta,GA,30901,2959,GA,12,John Barrow,B001252300 East 8th Street,Austin,TX,78701,3224,TX,21,Lamar Smith,S0005835929 Balcones Drive,Austin,TX,78731,4286,TX,25,Roger Williams,W0008163532 Bee Cave Road,West Lake Hills,TX,78746,5466,TX,25,Roger Williams,W00081619200 West Country Club Drive,Aventura,FL,33180,2403,FL,23,Debbie Wasserman Schultz,W0007972700 M Street,Bakersfield,CA,93301,2370,CA,23,Kevin McCarthy,M0011654100 Empire Drive,Bakersfield,CA,93309,409,CA,23,Kevin McCarthy,M001165301 Sovereign Court,Ballwin,MO,63011,4442,MO,2,Ann Wagner,W0008121010 Park Avenue,Baltimore,MD,21201,5600,MD,7,Elijah Cummings,C0009846 State Street,Hamden,CT,4401,6364,CT,3,Rosa DeLauro,D000216401 South Johnstone Avenue,Bartlesville,OK,74003,6619,OK,1,Jim Bridenstine,B0012835555 Hilton Avenue,Temple City,CA,70808,2597,CA,27,Judy Chu,C001080,Baxley,GA,31515,40,GA,12,John Barrow,B001252916 Washington Avenue,Bay City,MI,48708,5721,MI,5,Daniel Kildee,K000380630 Avenue C,Bayonne,NJ,7002,3878,NJ,8,Albio Sires,S001165218-14 Northern Boulevard,New York,NY,11361,3505,NY,6,Grace Meng,M001188909 Decker Drive,Baytown,TX,77520,4433,TX,36,Steve Stockman,S000937,Beaufort,SC,29901,1538,SC,1,Marshall Sanford,S000051505 Orleans Street,Beaumont,TX,77701,3224,TX,14,Randy Weber,W000814109 Main Street,Beckley,WV,25801,4610,WV,3,Nick Rahall,R000011107 S Street Marys Street,Beeville,TX,78102,5619,TX,34,Filemon Vela,V00013215 East Churchville Road,Bel Air,MD,21014,3837,MD,1,Andy Harris,H0010523555 Benner Pike,Bellefonte,PA,16823,8474,PA,5,Glenn Thompson,T000467144 Lincoln Place Court,Belleville,IL,62221,5884,IL,12,William Enyart,E000292119 North Commercial Street,Bellingham,WA,98225,4452,WA,2,Rick Larsen,L000560400 East Grand Avenue,Beloit,WI,53511,6229,WI,2,Mark Pocan,P0006071051 Northwest Bond Street,Bend,OR,97701,2958,OR,2,Greg Walden,W000791701 West Broad Street,Bethlehem,PA,18018,5229,PA,15,Charles Dent,D0006041510 Scurry Street,Big Spring,TX,79720,4441,TX,19,Randy Neugebauer,N0001821201 Grand Avenue,Billings,MT,59102,4281,MT,0,Steve Daines,D00061815 Henry Street,Binghamton,NY,13901,2724,NY,22,Richard Hanna,H0010512 20th Street North,Birmingham,AL,35203,4014,AL,7,Terri Sewell,S0011851900 International Park Drive,Birmingham,AL,35243,4217,AL,6,Spencer Bachus,B000013200 East Rosser Avenue,Bismarck,ND,58501,,ND,0,Kevin Cramer,C00109613 Municipal Plaza,Bloomfield,NJ,7003,3470,NJ,10,Donald Payne,P000604150 South Bloomingdale Road,Bloomingdale,IL,60108,1494,IL,8,Tammy Duckworth,D000622202 North Prospect Road,Bloomington,IL,61704,7920,IL,18,Aaron Schock,S001179320 West 8th Street,Bloomington,IN,47404,3700,IN,9,Todd Young,Y000064601 Federal Street,Bluefield,WV,24701,3033,WV,3,Nick Rahall,R0000112500 North Military Trail,West Palm Beach,FL,33409,6344,FL,20,Alcee Hastings,H000324802 West Bannock Street,Boise,ID,83702,5843,ID,2,Michael Simpson,S001148310 Government Center Drive Northeast,Bolivia,NC,28422,9010,NC,7,Mike McIntyre,M000485107 Madison Street,Bolton,MS,39041,3208,MS,2,Bennie Thompson,T000193240 North Carolina 105 Extension,Boone,NC,28607,4291,NC,5,Virginia Foxx,F000450700 Benton Road,Bossier City,LA,71111,3705,LA,4,John Fleming,F00045688 Black Falcon Avenue,Boston,MA,2210,2433,MA,8,Stephen Lynch,L0005624770 Baseline Road,Boulder,CO,80303,2668,CO,2,Jared Polis,P0005981001 Center Street,Bowling Green,KY,42101,2192,KY,2,Brett Guthrie,G0005581045 North Main Street,Bowling Green,OH,43402,1361,OH,5,Robert Latta,L0005662424 Manatee Avenue West,Bradenton,FL,34205,4954,FL,16,Vern Buchanan,B0012601800 East Lambert Road,Brea,CA,92821,4396,CA,39,Edward Royce,R000487345 6th Street,Bremerton,WA,98337,1870,WA,6,Derek Kilmer,K0003812000 South Market Street,Brenham,TX,77833,5800,TX,10,Michael McCaul,M001157211 State Road 2 Bus,Newark,DE,6604,4808,DE,0,John Carney,C0010836 North Main Street,Brigham City,UT,84302,2116,UT,1,Rob Bishop,B0012502301 West Roosevelt Road,Broadview,IL,60155,3854,IL,7,Danny Davis,D000096155 West Elm Street,Hillsboro,TX,2301,4326,TX,25,Roger Williams,W0008163655 Johnson Avenue,Bronx,NY,10463,1671,NY,16,Eliot Engel,E0001792800 Bruckner Boulevard,Bronx,NY,10465,1972,NY,14,Joseph Crowley,C0010381231 Lafayette Avenue,Bronx,NY,10474,5331,NY,15,José Serrano,S000248177 Dreiser Loop,Bronx,NY,10475,2705,NY,16,Eliot Engel,E000179120 Bishops Way,Brookfield,WI,53005,6294,WI,5,F. Sensenbrenner,S000244230 South Whitworth Avenue,Brookhaven,MS,39601,3343,MS,3,Gregg Harper,H001045186 Joralemon Street,Brooklyn,NY,11201,4326,NY,7,Nydia Velázquez,V000081266 Broadway,Brooklyn,NY,11211,6125,NY,7,Nydia Velázquez,V000081445 Neptune Avenue,Brooklyn,NY,11224,4561,NY,8,Hakeem Jeffries,J000294123 Linden Boulevard,Brooklyn,NY,11226,3888,NY,9,Yvette Clarke,C0010677308 13th Avenue,Brooklyn,NY,11228,2011,NY,11,Michael Grimm,G0005691800 Sheepshead Bay Road,Brooklyn,NY,11235,2719,NY,8,Hakeem Jeffries,J000294,Brooklyn,NY,11236,2806,NY,8,Hakeem Jeffries,J00029416 Court Street,Brooklyn,NY,11241,1010,NY,7,Nydia Velázquez,V00008116224 Spring Hill Drive,Brooksville,FL,34604,8326,FL,11,Richard Nugent,N0001851805 East Ruben M Torres Sr Boulevard,Brownsville,TX,78521,1115,TX,34,Filemon Vela,V000132501 Center Avenue,Brownwood,TX,76801,2809,TX,11,K. Conaway,C001062805 Gloucester Street,Brunswick,GA,31520,7073,GA,1,Jack Kingston,K0002204001 East 29th Street,Bryan,TX,77802,4211,TX,17,Bill Flores,F000461811 Main Street,Buckley,WA,98321,8259,WA,10,Denny Heck,H001064415 East Main Street,Buena Vista,CO,81211,8106,CO,5,Doug Lamborn,L000564465 Main Street,Buffalo,NY,14203,1717,NY,26,Brian Higgins,H001038726 Exchange Street,Buffalo,NY,14210,1484,NY,26,Brian Higgins,H00103830 Main Street,Laois,Laois,5401,8438,not found,not found,,101 West Burnsville Parkway,Burnsville,MN,55337,2572,MN,2,John Kline,K000363108 East Diamond Street,Butler,PA,16001,5947,PA,3,Mike Kelly,K000376112 South 1st Street,Cabot,AR,72023,3007,AR,1,Eric Crawford,C001087210 North Mitchell Street,Cadillac,MI,49601,1835,MI,4,Dave Camp,C0000711115 Albany Street,Caldwell,ID,83605,3522,ID,1,Raúl Labrador,L0005735051 Verdugo Way,Camarillo,CA,93012,8690,CA,26,Julia Brownley,B001285110 1st Street,Milan,IL,2141,2109,IL,17,Cheri Bustos,B0012861999 South Bascom Avenue,Campbell,CA,95008,2200,CA,18,Anna Eshoo,E000215100 North Street,Canton,GA,30114,2779,GA,11,Phil Gingrey,G0005504150 Belden Village Street Northwest,Canton,OH,44718,2553,OH,16,James Renacci,R000586804 Nicholas Parkway East,Cape Coral,FL,33990,2811,FL,19,,555 Independence Street,Cape Girardeau,MO,63703,6235,MO,8,Jason Smith,S001195250 West Cherry Street,Carbondale,IL,62901,2856,IL,12,William Enyart,E00029259 West Louther Street,Carlisle,PA,17013,2936,PA,11,Lou Barletta,B00126947 Gleneida Avenue,Carmel,NY,10512,,NY,18,Sean Maloney,M001185100 2nd Street,Lindsay,TX,7008,3065,TX,13,Mac Thornberry,T000238211 North Florence Street,Casa Grande,AZ,85122,4414,AZ,1,Ann Kirkpatrick,K000368100 East B Street,McCook,NE,82602,1969,NE,3,Adrian Smith,S001172754 Frederick Road,Catonsville,MD,21228,4504,MD,7,Elijah Cummings,C000984150 1st Avenue Northeast,Cedar Rapids,IA,52401,1133,IA,1,Bruce Braley,B001259221 East Broadway,Centralia,IL,62801,3250,IL,15,John Shimkus,S00036417906 Crusader Avenue,Cerritos,CA,90703,2694,CA,38,Linda Sánchez,S001156100 Lincoln Way East,Chambersburg,PA,17201,2274,PA,9,Bill Shuster,S0011542004 Fox Drive,Champaign,IL,61820,7336,IL,13,Rodney Davis,D00061988 Vilcom Center Drive,Chapel Hill,NC,27514,1665,NC,4,David Price,P000523655 West Lincoln Avenue,Charleston,IL,61920,2426,IL,15,John Shimkus,S0003642000 Sam Rittenberg Boulevard,Charleston,SC,29407,4631,SC,1,Marshall Sanford,S0000514815 Maccorkle Avenue Southeast,Charleston,WV,25304,1948,WV,2,Shelley Capito,C0010471230 West Morehead Street,Charlotte,NC,28208,5214,NC,12,,6525 Morrison Boulevard,Charlotte,NC,28211,501,NC,9,Robert Pittenger,P000606686 Berkmar Circle,Charlottesville,VA,22901,1464,VA,5,Robert Hurt,H001060900 Georgia Avenue,Chattanooga,TN,37402,2282,TN,3,Charles Fleischmann,F000459505 Independence Parkway,Chesapeake,VA,23320,5178,VA,4,J. Forbes,F0004451330 Swanwick Street,Chester,IL,62233,1314,IL,12,William Enyart,E000292100 Old Mill Lane,Point,TX,21619,2140,TX,4,Ralph Hall,H000067511 1st Street,Evansville,IL,19013,4453,IL,12,William Enyart,E0002929401 Courthouse Road,Chesterfield,VA,23832,6685,VA,4,J. Forbes,F0004452120 Capitol Avenue,Cheyenne,WY,82001,3631,WY,0,Cynthia Lummis,L0005713742 West Irving Park Road,Chicago,IL,60618,3116,IL,5,Mike Quigley,Q000023706 East 79th Street,Chicago,IL,60619,3036,IL,1,Bobby Rush,R0005153333 West Arthington Street,Chicago,IL,60624,4102,IL,7,Danny Davis,D0000966245 South Archer Avenue,Chicago,IL,60638,2609,IL,3,Daniel Lipinski,L0005635533 North Broadway Street,Chicago,IL,60640,1405,IL,9,Janice Schakowsky,S0011452201 West North Avenue,Chicago,IL,60647,5429,IL,5,Mike Quigley,Q0000237121 South Yates Boulevard,Chicago,IL,60649,2529,IL,2,Robin Kelly,K0003851057 West Belmont Avenue,Chicago,IL,60657,3327,IL,5,Mike Quigley,Q0000232635 Forest Avenue,Chico,CA,95928,4425,CA,1,Doug LaMalfa,L000578333 F Street,Chula Vista,CA,91910,2624,CA,51,Juan Vargas,V000130441 Vine Street,Cincinnati,OH,45202,3003,OH,1,Steve Chabot,C0002668044 Montgomery Road,Cincinnati,OH,45236,2926,OH,2,Brad Wenstrup,W000815,Clanton,AL,35046,502,AL,6,Spencer Bachus,B000013309 West 1st Street,Claremore,OK,74017,8005,OK,2,Markwayne Mullin,M0011901850 Memorial Drive,Clarksville,TN,37043,4603,TN,7,Marsha Blackburn,B001243,Clear Lake,IA,50428,532,IA,4,Steve King,K000362115 South Main Street,Cleburne,TX,76033,5501,TX,25,Roger Williams,W0008166000 Meadowbrook Mall Court,Clemmons,NC,27012,8775,NC,5,Virginia Foxx,F000450264 Clovis Avenue,Clovis,CA,93612,1115,CA,22,Devin Nunes,N0001811250 West Ironwood Drive,Coeur d'Alene,ID,83814,2723,ID,1,Raúl Labrador,L000573240 Regency Centre,Collinsville,IL,62234,3019,IL,13,Rodney Davis,D0006191271 Kelly Johnson Boulevard,Colorado Springs,CO,80920,3965,CO,5,Doug Lamborn,L0005643609 South Providence Road,Columbia,MO,65201,3721,MO,4,Vicky Hartzler,H0010531225 Lady Street,Columbia,SC,29201,3347,SC,6,James Clyburn,C000537807 South Garden Street,Columbia,TN,38401,3262,TN,4,Scott DesJarlais,D00061618 9th Street,Columbus,GA,31901,2778,GA,2,Sanford Bishop,B0004901299 Olentangy River Road,Columbus,OH,43212,3129,OH,15,Steve Stivers,S0011873000 Corporate Exchange Drive,Columbus,OH,43231,4054,OH,3,Joyce Beatty,B001281555 South Main Street,Colville,WA,99114,2503,WA,5,Cathy McMorris Rodgers,M0011591333 Willow Pass Road,Concord,CA,94520,7931,CA,11,George Miller,M000725325 McGill Avenue Northwest,Concord,NC,28027,6194,NC,8,Richard Hudson,H001067114 Main Street,Burlington,VT,3301,4962,VT,0,Peter Welch,W000800200 River Pointe Drive,Conroe,TX,77304,2817,TX,8,Kevin Brady,B000755,Coos Bay,OR,97420,333,OR,4,Peter DeFazio,D0001913680 Route 112,Coram,NY,11727,4140,NY,1,Timothy Bishop,B0012421350 5th Avenue,Coraopolis,PA,15108,2024,PA,14,Michael Doyle,D00048289 West Market Street,Corning,NY,14830,2526,NY,23,Tom Reed,R0005851718 South Alameda Street,Corpus Christi,TX,78404,2931,TX,27,Blake Farenthold,F00046018 Tompkins Street,Cortland,NY,13045,2541,NY,22,Richard Hanna,H00105140 Pearl Street,Council Bluffs,IA,51503,817,IA,3,Tom Latham,L000111,Creston,IA,50801,601,IA,3,Tom Latham,L000111303 North 6th Street,Crockett,TX,75835,1611,TX,8,Kevin Brady,B00075562 East 2nd Street,Crossville,TN,38555,4564,TN,6,Diane Black,B001273517 Bailey Road,Crystal City,MO,63019,1701,MO,3,Blaine Luetkemeyer,L000569101 North Virginia Street,Crystal Lake,IL,60014,3456,IL,14,Randy Hultgren,H001059205 4th Avenue Northeast,Cullman,AL,35055,1965,AL,4,Robert Aderholt,A000055763 Madison Road,Culpeper,VA,22701,3342,VA,7,Eric Cantor,C0010461 Frederick Street,Cumberland,MD,21502,2309,MD,6,John Delaney,D0006203102 Maple Avenue,Dallas,TX,75201,1236,TX,30,Eddie Johnson,J0001266510 Abrams Road,Dallas,TX,75231,7278,TX,5,Jeb Hensarling,H00103612750 Merit Drive,Dallas,TX,75251,1229,TX,32,Pete Sessions,S000250702 North Glenwood Avenue,Dalton,GA,30721,2624,GA,14,Tom Graves,G000560198 Main Street,Buffalo,NY,6810,6662,NY,26,Brian Higgins,H001038308 Craghead Street,Danville,VA,24541,1468,VA,5,Robert Hurt,H001060209 West 4th Street,Davenport,IA,52801,1307,IA,2,David Loebsack,L000565120 West 3rd Street,Dayton,OH,45402,1819,OH,10,Michael Turner,T00046319855 Outer Drive,Dearborn,MI,48124,2028,MI,12,John Dingell,D000355302 Lee Street Northeast,Decatur,AL,35601,1926,AL,5,Mo Brooks,B001274,Decatur,AL,35602,668,AL,5,Mo Brooks,B001274101 Clinton Street,Defiance,OH,43512,2165,OH,5,Robert Latta,L000566309 Mills Street,Black Earth,WI,78840,5165,WI,2,Mark Pocan,P000607840 Deltona Boulevard,Deltona,FL,32725,7162,FL,7,John Mica,M000689186 Field of Dreams Drive,Cornelia,GA,36732,,GA,9,Doug Collins,C001093600 Grant Street,Denver,CO,80203,3525,CO,1,Diana DeGette,D000197Main Street,Mayfair,SK,6418,1931,not found,not found,,300 East Locust Street,Des Moines,IA,50309,1825,IA,3,Tom Latham,L000111714 Lake Avenue,Detroit Lakes,MN,56501,3057,MN,7,Collin Peterson,P000258231 West Lafayette Boulevard,Detroit,MI,48226,2766,MI,14,Gary Peters,P000595400 Monroe Street,Detroit,MI,48226,2944,MI,14,Gary Peters,P000595119 West 1st Street,Dixon,IL,61021,3056,IL,16,Adam Kinzinger,K000378100 Military Street,Dodge City,KS,67801,4945,KS,1,Tim Huelskamp,H0010578669 Northwest 36th Street,Doral,FL,33166,6640,FL,25,Mario Diaz-Balart,D000600188 North Foster Street,Dothan,AL,36303,4568,AL,2,Martha Roby,R000591350 West 6th Street,Dubuque,IA,52001,4648,IA,1,Bruce Braley,B001259112 North 12th Avenue,Durant,OK,74701,4718,OK,2,Markwayne Mullin,M001190411 9 Gates Road,Chapel Hill,NC,27701,3616,NC,4,David Price,P000523100 South Monroe Street,Eagle Pass,TX,78852,4830,TX,23,Pete Gallego,G000572206 Main Street,East Greenville,PA,18041,1405,PA,6,Jim Gerlach,G0005498787 State Street,East St. Louis,IL,62203,2026,IL,12,William Enyart,E000292131 South Barstow Street,Eau Claire,WI,54701,2625,WI,3,Ron Kind,K000188250 Prairie Center Drive,Eden Prairie,MN,55344,7904,MN,3,Erik Paulsen,P0005942864 West Trenton Road,Edinburg,TX,78539,9232,TX,15,Rubén Hinojosa,H0006361870 Cordell Court,El Cajon,CA,92020,916,CA,53,Susan Davis,D000598101 North Washington Avenue,El Dorado,AR,71730,5669,AR,4,Tom Cotton,C0010954401 Santa Anita Avenue,El Monte,CA,91731,1611,CA,32,Grace Napolitano,N000179310 North Mesa Street,El Paso,TX,79901,1301,TX,16,Beto O'Rourke,O000170333 North Broad Street,Philadelphia,PA,7208,3706,PA,1,Robert Brady,B001227405 Idaho Street,Elko,NV,89801,3753,NV,2,Mark Amodei,A0003698267 Main Street,Ellicott City,MD,21043,9903,MD,7,Elijah Cummings,C000984425 South Main Street,Emporia,VA,23847,2300,VA,4,J. Forbes,F00044577 Hazard Avenue,Enfield,CT,6082,3890,CT,2,Joe Courtney,C0010692106 West Ennis Avenue,Ennis,TX,75119,3624,TX,6,Joe Barton,B000213208 East Bayfront Parkway,Erie,PA,16507,2405,PA,3,Mike Kelly,K000376405 East 8th Avenue,Eugene,OR,97401,2716,OR,4,Peter DeFazio,D000191317 3rd Street,Eureka,CA,95501,487,CA,2,Jared Huffman,H0010684246 Washington Road,Evans,GA,30809,3087,GA,12,John Barrow,B001252820 Davis Street,Evanston,IL,60201,4400,IL,9,Janice Schakowsky,S001145101 Northwest Martin Luther King Junior Boulevard,Evansville,IN,47708,1951,IN,8,Larry Bucshon,B0012752930 Wetmore Avenue,Everett,WA,98201,4070,WA,2,Rick Larsen,L000560111 East Uwchlan Avenue,Exton,PA,19341,1206,PA,6,Jim Gerlach,G000549101 12th Avenue,Fairbanks,AK,99701,6275,AK,0,Don Young,Y000033201,Lopes,Maputo,94533,5556,not found,not found,,371 Main Street,Burlington,VT,2721,5304,VT,0,Peter Welch,W0008001931 Mott Avenue,Queens,NY,11691,4103,NY,5,Gregory Meeks,M0011373003 32nd Avenue South,Fargo,ND,58103,6163,ND,0,Kevin Cramer,C00109622 East Columbia Street,Farmington,MO,63640,3101,MO,8,Jason Smith,S001195800 Municipal Drive,Farmington,NM,87401,2663,NM,3,Ben Luján,L000570301 Green Street,Fayetteville,NC,28301,5048,NC,4,David Price,P0005236257 Raeford Road,Fayetteville,NC,28304,2450,NC,4,David Price,P000523100 East Main Cross Street,Findlay,OH,45840,4888,OH,5,Robert Latta,L0005662 Summit Court,Fishkill,NY,12524,,NY,18,Sean Maloney,M001185463 Main Street,Buffalo,NY,1420,8045,NY,26,Brian Higgins,H00103815115 Cedar Avenue,Apple Valley,MN,86004,,MN,2,John Kline,K00036323 Royal Road,Lebanon,PA,8822,6001,PA,15,Charles Dent,D000604432 North Saginaw Street,Flint,MI,48502,2018,MI,5,Daniel Kildee,K000380181 East Evans Street,Florence,SC,29506,2511,SC,7,Tom Rice,R0005971302 N McKenzie St,Foley,AL,36535,2232,AL,1,Bradley Byrne,B001289490 West Rolling Meadows Drive,Fond du Lac,WI,54937,8609,WI,6,Thomas Petri,P0002651426 Central Avenue,Fort Dodge,IA,50501,4258,IA,4,Steve King,K0003626300 Northeast 1st Avenue,Fort Lauderdale,FL,33301,1941,FL,22,Lois Frankel,F0004622701 West Oakland Park Boulevard,Fort Lauderdale,FL,33311,1363,FL,20,Alcee Hastings,H000324300 Buttermilk Pike,Fort Mitchell,KY,41017,2136,KY,4,Thomas Massie,M0011842300 Virginia Avenue,Fort Pierce,FL,34982,5632,FL,18,Patrick Murphy,M001191423 North 6th Street,Fort Smith,AR,72902,2003,AR,3,Steve Womack,W000809103 West Callaghan Street,Fort Stockton,TX,79735,7104,TX,23,Pete Gallego,G000572348 Miracle Strip Parkway Southwest,Fort Walton Beach,FL,32548,5263,FL,1,Jeff Miller,M0011441300 Harrison Street,Fort Wayne,IN,46802,3446,IN,3,Marlin Stutzman,S0011881701 River Run Drive,Marysville,CA,76107,6548,CA,3,John Garamendi,G0005591100 Circle Drive,Fort Worth,TX,76119,8111,TX,33,Marc Veasey,V00013150 East Grand Avenue,Fox Lake,IL,60073,1430,IL,10,Bradley Schneider,S001190188 Concord Street,Bennington,NH,1702,8315,NH,2,Ann Kuster,K000382198 3rd Avenue South,Franklin,TN,37064,2518,TN,7,Marsha Blackburn,B0012437360 Guilford Drive,Frederick,MD,21704,5128,MD,6,John Delaney,D0006203504 Plank Road,Fredericksburg,VA,22407,6896,VA,1,Robert Wittman,W00080439300 Civic Center Drive,Fremont,CA,94538,2324,CA,17,Michael Honda,H001034,Fremont,NE,68026,377,NE,1,Jeff Fortenberry,F0004491040 East Herndon Avenue,Fresno,CA,93720,3158,CA,22,Devin Nunes,N000181855 M Street,Fresno,CA,93721,2757,CA,16,Jim Costa,C001059,Frisco,CO,80443,1453,CO,2,Jared Polis,P000598,Fort Bragg,CA,95437,2208,CA,2,Jared Huffman,H001068123 North College Avenue,Fort Collins,CO,80524,2489,CO,2,Jared Polis,P000598600 Broad Street,Gadsden,AL,35901,3745,AL,4,Robert Aderholt,A0000555700 Southwest 34th Street,Gainesville,FL,32608,5329,FL,3,Ted Yoho,Y000065,Gainesville,GA,30503,,GA,9,Doug Collins,C001093110 West Aztec Avenue,Gallup,NM,87301,6202,NM,3,Ben Luján,L000570601 25th Street,Galveston,TX,77550,1738,TX,14,Randy Weber,W000814300 Garden City Plaza,Garden City,NY,11530,3338,NY,4,Carolyn McCarthy,M00030912397 South Lewis Street,Garden Grove,CA,92840,4695,CA,46,Loretta Sanchez,S000030197 West Main Avenue,Gastonia,NC,28052,4154,NC,10,Patrick McHenry,M001156810 Otsego Avenue,Coshocton,OH,49770,1780,OH,7,Bob Gibbs,G000563100 West Main Street,Geneseo,IL,61254,,IL,17,Cheri Bustos,B0012861797 West State Street,Geneva,IL,60134,4710,IL,14,Randy Hultgren,H00105922 Chambersburg Street,Gettysburg,PA,17325,1101,PA,4,Scott Perry,P0006054201 Dominion Boulevard,Glen Allen,VA,23060,6149,VA,7,Eric Cantor,C001046266 Harristown Road,Glen Rock,NJ,7452,3321,NJ,5,Scott Garrett,G0005487121 West Bell Road,Glendale,AZ,85308,8549,AZ,8,Trent Franks,F000448136 Glen Street,Glens Falls,NY,12801,4415,NY,21,William Owens,O0001692339 Gold Meadow Way,Gold River,CA,95670,6307,CA,7,Ami Bera,B001287320 North Chicago Avenue,Goshen,IN,46528,2331,IN,2,Jackie Walorski,W000813225 Main Street,Goshen,NY,10924,2195,NY,18,Sean Maloney,M001185,Graham,NC,27253,812,NC,6,Howard Coble,C0005561811 West 2nd Street,Grand Island,NE,68803,5400,NE,3,Adrian Smith,S001172225 North 5th Street,Grand Junction,CO,81501,2658,CO,3,Scott Tipton,T000470110 Michigan Street Northeast,Grand Rapids,MI,49503,2313,MI,3,Justin Amash,A0003678700 Auburn Folsom Road,Auburn,CA,95746,8501,CA,4,Tom McClintock,M0011772060 Delmar Avenue,Granite City,IL,62040,4625,IL,12,William Enyart,E000292,Granite Quarry,NC,28072,807,NC,8,Richard Hudson,H001067105 Smelter Avenue Northeast,Great Falls,MT,59404,1953,MT,0,Steve Daines,D000618822 7th Street,Greeley,CO,80631,3933,CO,4,Cory Gardner,G0005626500 Cherrywood Lane,Greenbelt,MD,20770,1287,MD,5,Steny Hoyer,H000874125 South Elm Street,Greensboro,NC,27401,2246,NC,6,Howard Coble,C000556301 South Green Street,Henderson,KY,27401,2615,KY,1,Ed Whitfield,W0004132102 North Elm Street,Greensboro,NC,27408,5100,NC,6,Howard Coble,C000556Frederickson Place,Greensburg,PA,15601,9688,PA,18,Tim Murphy,M001151910 Courthouse Alley,Greenville,MS,38701,3764,MS,2,Bennie Thompson,T0001931105 Corporate Drive,Greenville,NC,27858,4211,NC,3,Walter Jones,J000255104 South Main Street,Greenville,SC,29601,2742,SC,4,Trey Gowdy,G000566200 Derbigny Street,Gretna,LA,70053,5876,LA,2,Cedric Richmond,R0005881325 25th Avenue,Gulfport,MS,39501,,MS,4,Steven Palazzo,P00060125 Main Street,Schenevus,NY,7601,7089,NY,19,Christopher Gibson,G000564515 Grove Street,Brandon,VT,8035,1733,VT,0,Peter Welch,W000800Father Duenas Avenue,Hagåtña,,96910,5058,GU,0,Madeleine Bordallo,B0012451800 Dual Highway,Hagerstown,MD,21742,6646,MD,6,John Delaney,D0006201540 Kuser Road,Hamilton Township,NJ,8619,3828,NJ,4,Christopher Smith,S000522112 South Cate Street,Hammond,LA,70403,,LA,1,Steve Scalise,S001176201 North 3rd Street,Hannibal,MO,63401,3550,MO,6,Sam Graves,G000546110 East Locust Street,Harrisburg,IL,62946,1557,IL,15,John Shimkus,S0003641721 North Front Street,Harrisburg,PA,17102,2391,PA,4,Scott Perry,P000605303 North Main Street,Harrison,AR,72601,3508,AR,3,Steve Womack,W0008092 South Main Street,Harrisonburg,VA,22801,3728,VA,6,Bob Goodlatte,G0002891909 North Commercial Street,Harrisonville,MO,64701,1252,MO,4,Vicky Hartzler,H001053221 2nd Main Street,Elroy,WI,6106,1864,WI,3,Ron Kind,K000188701 Main Street,Hattiesburg,MS,39401,3478,MS,4,Steven Palazzo,P000601150 Motor Parkway,Hauppauge,NY,11788,5152,NY,1,Timothy Bishop,B00124210 Welcome Street,Greenville,SC,1830,5631,SC,4,Trey Gowdy,G000566601 Main Street,Hazard,KY,41701,1354,KY,5,Harold Rogers,R0003951 South Church Street,Hazleton,PA,18201,6200,PA,11,Lou Barletta,B001269950 North Montana Avenue,Helena,MT,59601,3858,MT,0,Steve Daines,D0006181600 East Florida Avenue,Hemet,CA,92544,8639,CA,36,Raul Ruiz,R000599222 1st Street,Henderson,KY,42420,3821,KY,1,Ed Whitfield,W000413133 East Commerce Street,Hernando,MS,38632,2343,MS,1,Alan Nunnelee,N00018613873 Park Center Drive,Live Oak,FL,20171,3248,FL,3,Ted Yoho,Y00006587 4th Street Northwest,Huron,SD,28603,6142,SD,0,Kristi Noem,N0001841634 North Main Street,High Point,NC,27262,2644,NC,6,Howard Coble,C000556200 East Broadway Street,Hobbs,NM,88240,8425,NM,2,Stevan Pearce,P000588184 South River Avenue,Holland,MI,49423,2848,MI,2,Bill Huizenga,H001058310 Penn Street,Hollidaysburg,PA,16648,2004,PA,9,Bill Shuster,S00115457 Suffolk Street,Buffalo,NY,1040,5055,NY,26,Brian Higgins,H00103817926 South Halsted Street,Homewood,IL,60430,2029,IL,2,Robin Kelly,K000385300 Ala Moana Boulevard,Honolulu,HI,96850,4104,HI,1,Colleen Hanabusa,H001050300 Ala Moana Boulevard,Honolulu,HI,96850,5104,HI,1,Colleen Hanabusa,H0010501403 South Main Street,Hopkinsville,KY,42240,2107,KY,1,Ed Whitfield,W000413300 Exchange Street,West Monroe,LA,71901,4034,LA,5,Vance McAllister,M001192423 Lafayette Street,Houma,LA,70360,4802,LA,1,Steve Scalise,S0011761919 Smith Street,Houston,TX,77002,8098,TX,18,Sheila Jackson Lee,J000032420 West 19th Street,Houston,TX,77008,3914,TX,18,Sheila Jackson Lee,J0000323300 Lyons Avenue,Houston,TX,77020,8254,TX,18,Sheila Jackson Lee,J00003210000 Memorial Drive,Houston,TX,77024,3490,TX,2,Ted Poe,P00059277029. Sokak (28. Sk.),Adana,Adana Province,77029,1951,not found,not found,,3003 South Loop West Freeway,Houston,TX,77054,1301,TX,9,Al Green,G00055317225 El Camino Real,Houston,TX,77058,2778,TX,36,Steve Stockman,S000937256 North Sam Houston Parkway East,Houston,TX,77060,2028,TX,29,Gene Green,G0004101550 Foxlake Drive,Houston,TX,77084,6043,TX,7,John Culberson,C0010486719 West Montgomery Road,Houston,TX,77091,3105,TX,18,Sheila Jackson Lee,J000032101 Main Street,Huntington Beach,CA,92648,8149,CA,48,Dana Rohrabacher,R000409845 5th Avenue,Huntington,WV,25701,2086,WV,3,Nick Rahall,R0000112101 Clinton Avenue West,Huntsville,AL,35805,3109,AL,5,Mo Brooks,B0012741202 Sam Houston Avenue,Huntsville,TX,77340,4638,TX,8,Kevin Brady,B0007551 Main Street,Burlington,VT,67504,5228,VT,0,Peter Welch,W000800297 North Street,Nacogdoches,TX,2061,5134,TX,1,Louie Gohmert,G0005526475 New Hampshire Avenue,Hyattsville,MD,20783,3281,MD,4,Donna Edwards,E000290410 Memorial Drive,Idaho Falls,ID,83402,3600,ID,2,Michael Simpson,S0011481101 Airport Road,Bethlehem,PA,92215,1800,PA,15,Charles Dent,D000604211 West Maple Avenue,Independence,MO,64050,2815,MO,5,Emanuel Cleaver,C001061827 Water Street,Indiana,PA,15701,3923,PA,9,Bill Shuster,S001154300 East Fall Creek Parkway North Drive,Indianapolis,IN,46205,4258,IN,7,André Carson,C001072Keystone Crossing,Indianapolis,IN,46240,7646,IN,5,Susan Brooks,B001284125 South Dubuque Street,Iowa City,IA,52240,4003,IA,2,David Loebsack,L000565500 South Stephenson Avenue,Iron Mountain,MI,49920,3420,MI,1,Dan Benishek,B0012719901 Valley Ranch Parkway East,Irving,TX,75063,7186,TX,24,Kenny Marchant,M00115887000 Overseas Highway,Islamorada,FL,33036,3110,FL,26,Joe Garcia,G000573123 South Cayuga Street,Ithaca,NY,14850,5582,NY,23,Tom Reed,R00058574-09 37th Avenue,Queens,NY,11372,6303,NY,14,Joseph Crowley,C001038800 West Ganson Street,Jackson,MI,49202,4203,MI,7,Tim Walberg,W0007983607 Medgar Evers Boulevard,Jackson,MS,39213,6364,MS,2,Bennie Thompson,T000193109 South Highland Avenue,Jackson,TN,38301,6123,TN,8,Stephen Fincher,F000458101 East Union Street,Jacksonville,FL,32202,6002,FL,5,Corrine Brown,B0009111061 Riverside Avenue,Jacksonville,FL,32204,4151,FL,4,Ander Crenshaw,C001045209 West State Street,Jacksonville,IL,62650,2001,IL,18,Aaron Schock,S001179153-01 Jamaica Avenue,Queens,NY,11432,3870,NY,5,Gregory Meeks,M0011372 East 2nd Street,Jamestown,NY,14701,5206,NY,23,Tom Reed,R00058520 South Main Street,Janesville,WI,53545,3959,WI,1,Paul Ryan,R0005701710 Alabama Avenue,Jasper,AL,35501,5400,AL,4,Robert Aderholt,A0000552409 Hyde Park Road,Jefferson City,MO,65109,4732,MO,3,Blaine Luetkemeyer,L000569Quartermaster Court,Jeffersonville,IN,47130,3669,IN,9,Todd Young,Y000064706 West Avenue,Jenkintown,PA,19046,2710,PA,13,Allyson Schwartz,S001162253 Martin Luther King Jr. Drive,Madison,FL,7305,3427,FL,3,Ted Yoho,Y000065130 Central Avenue,Albany,NY,7306,2118,NY,20,Paul Tonko,T00046935 Journal Square,Hamilton,OH,7306,4317,OH,8,John Boehner,B000589647 Main Street,Johnstown,PA,15901,2140,PA,12,Keith Rothfus,R0005982701 Black Road,Joliet,IL,60435,8412,IL,11,Bill Foster,F0004542400 East Highland Drive,Jonesboro,AR,72401,6229,AR,1,Eric Crawford,C001087173 North Main Street,Jonesboro,GA,30236,3567,GA,13,David Scott,S0011572727 East 32nd Street,Joplin,MO,64804,3156,MO,7,Billy Long,L000576,Juneau,AK,99802,1247,AK,0,Don Young,Y000033157 South Kalamazoo Mall,Kalamazoo,MI,49007,4861,MI,6,Fred Upton,U000031500 State Avenue,Kansas City,KS,66101,2409,KS,3,Kevin Yoder,Y000063101 West 31st Street,Kansas City,MO,64108,3318,MO,5,Emanuel Cleaver,C001061805 Frontage Road,Kenai,AK,99611,9104,AK,0,Don Young,Y000033874 North Lima Road,Kendallville,IN,46755,1152,IN,3,Marlin Stutzman,S0011885455 Sheridan Road,Kenosha,WI,53140,4129,WI,1,Paul Ryan,R000570301 Junction Highway,Kerrville,TX,78029,4273,TX,21,Lamar Smith,S000583540 Water Street,Ketchikan,AK,99901,6378,AK,0,Don Young,Y00003380-02 Kew Gardens Road,Queens,NY,11415,3605,NY,6,Grace Meng,M0011881100 Simonton Street,Key West,FL,33040,3110,FL,26,Joe Garcia,G000573,Kinderhook,NY,12106,774,NY,19,Christopher Gibson,G000564,Kingsport,TN,37662,1728,TN,1,David Roe,R000582291 Wall Street,Kingston,NY,12401,3849,NY,19,Christopher Gibson,G0005641801 Kingwood Drive,Humble,TX,77339,3058,TX,2,Ted Poe,P000592800 Market Street,Knoxville,TN,37902,2303,TN,2,John Duncan,D000533100 South Union Street,Kokomo,IN,46901,4608,IN,4,Todd Rokita,R000592205 5th Avenue South,La Crosse,WI,54601,4059,WI,3,Ron Kind,K0001881211 Washington Avenue,La Grande,OR,97850,2535,OR,2,Greg Walden,W00079126 South La Grange Road,La Grange,IL,60525,2015,IL,3,Daniel Lipinski,L000563813 Lincolnway,La Porte,IN,46350,3400,IN,2,Jackie Walorski,W000813108 Lafayette Square,LaFayette,GA,30728,3507,GA,14,Tom Graves,G000560800 Lafayette Street,Lafayette,LA,70501,6800,LA,3,Charles Boustany,B0012551 Lakeshore Drive,Lake Charles,LA,70629,114,LA,3,Charles Boustany,B001255212 North Marion Avenue,Lake City,FL,32055,3917,FL,3,Ted Yoho,Y000065122 West Way Street,Lake Jackson,TX,77566,5245,TX,14,Randy Weber,W000814170 Fitzgerald Road,Lakeland,FL,33813,2607,FL,15,Dennis Ross,R00059312600 West Colfax Avenue,Lakewood,CO,80215,3779,CO,7,Ed Perlmutter,P00059314400 Detroit Avenue,Lakewood,OH,44107,4408,OH,9,Marcy Kaptur,K000009301 South 5th Street,Lamar,CO,81052,2711,CO,4,Cory Gardner,G000562207 South Broad Street,Lancaster,OH,43130,4307,OH,15,Steve Stivers,S001187150 North Queen Street,Lancaster,PA,17603,3562,PA,16,Joseph Pitts,P0003731717 Newtown Pike,Langhorne,PA,19047,1086,PA,8,Michael Fitzpatrick,F0004511000 West Saint Joseph Street,Lansing,MI,48915,2552,MI,8,Mike Rogers,R000572602 East Calton Road,Laredo,TX,78041,3693,TX,28,Henry Cuellar,C001063570 North Telshor Boulevard,Las Cruces,NM,88011,8223,NM,2,Stevan Pearce,P00058826111 Antonio Parkway,Rancho Santa Margari,CA,92688,5597,CA,45,John Campbell,C001064,Las Vegas,NM,87701,1368,NM,3,Ben Luján,L000570600 South Las Vegas Boulevard,Las Vegas,NV,89101,6646,NV,1,Dina Titus,T0004682340 Paseo Del Prado,Las Vegas,NV,89102,4340,NV,1,Dina Titus,T0004688485 West Sunset Road,Las Vegas,NV,89113,2251,NV,3,Joseph Heck,H001055200 South Courthouse Road,Arlington,VA,29360,,VA,8,James Moran,M000933305 4th Street,Newark,NJ,1840,1445,NJ,8,Albio Sires,S00116575 Langley Drive,Lawrenceville,GA,30046,6935,GA,7,Rob Woodall,W000810711 Southwest D Avenue,Lawton,OK,73501,4561,OK,4,Tom Cole,C001053108 West Jefferson Street,La Grange,KY,40031,1108,KY,4,Thomas Massie,M001184219 North Adams Avenue,Lebanon,MO,65536,3029,MO,4,Vicky Hartzler,H001053758 Cumberland Street,Lebanon,PA,17042,5247,PA,6,Jim Gerlach,G000549103 North 3rd Street,Leesville,LA,71446,4013,LA,4,John Fleming,F000456310 Main Street,Lewiston,ID,83501,1820,ID,1,Raúl Labrador,L0005739975 Highway 37,Ogdensburg,NY,4240,7248,NY,21,William Owens,O0001691660 Stemmons Freeway,Lewisville,TX,75067,600,TX,26,Michael Burgess,B0012481010 Monarch Street,Lexington,KY,40513,1866,KY,6,Garland Barr,B001282113 West Blue Jay Drive,Liberty,MO,64068,1963,MO,6,Sam Graves,G000546609 South 1st Street,Lillington,NC,27546,6693,NC,4,David Price,P0005233121 West Elm Street,Lima,OH,45805,2516,OH,4,Jim Jordan,J000289301 South 13th Street,Lincoln,NE,68508,2532,NE,1,Jeff Fortenberry,F0004495700 Hillandale Drive,Lithonia,GA,30058,4104,GA,4,Henry Johnson,J0002881501 North University Avenue,Little Rock,AR,72207,,AR,2,Tim Griffin,G00056732 Main Street,Burlington,VT,3561,4072,VT,0,Peter Welch,W000800Foust Drive,Livingston,AL,35470,2099,AL,7,Terri Sewell,S001185,Livingston,LA,70754,426,LA,6,Bill Cassidy,C00107517197 North Laurel Park Drive,Livonia,MI,48152,7919,MI,11,Kerry Bentivolio,B001280104 West Sandstone Street,Llano,TX,78643,2319,TX,11,K. Conaway,C001062220 Dingess Street,Logan,WV,25601,3626,WV,3,Nick Rahall,R000011300 Broadway,New York,NY,46747,3182,NY,10,Jerrold Nadler,N0000029220 Kimmer Drive,Lone Tree,CO,80124,2884,CO,4,Cory Gardner,G000562100 West Broadway,Long Beach,CA,90802,4486,CA,47,Alan Lowenthal,L000579504 Broadway,New York,NY,7740,5951,NY,10,Jerrold Nadler,N000002101 West Methvin Street,Longview,TX,75601,7200,TX,1,Louie Gohmert,G000552205 West 20th Street,Lorain,OH,44052,3777,OH,9,Marcy Kaptur,K00000910124 Broadway,Los Angeles,CA,90003,4353,CA,43,Maxine Waters,W0001874322 Wilshire Boulevard,Los Angeles,CA,90010,3794,CA,37,Karen Bass,B001270255 East Temple Street,Los Angeles,CA,90012,3334,CA,34,Xavier Becerra,B0002874716 East Cesar E Chavez Avenue,East Los Angeles,CA,90022,1210,CA,40,Lucille Roybal-Allard,R0004861910 Sunset Boulevard,Los Angeles,CA,90026,3445,CA,28,Adam Schiff,S0011508436 West 3rd Street,Los Angeles,CA,90048,4183,CA,33,Henry Waxman,W0002153445 Lambros Road,Parkville,MD,87031,6472,MD,3,John Sarbanes,S001168600 Doctor Martin Luther King Junior Place,Louisville,KY,40202,2285,KY,3,John Yarmuth,Y0000627219 Dixie Highway,Louisville,KY,40258,3756,KY,3,John Yarmuth,Y00006211 3rd Street,Gibbon,NE,1852,1941,NE,3,Adrian Smith,S001172611 University Avenue,Lubbock,TX,79401,2206,TX,19,Randy Neugebauer,N000182300 East Shepherd Avenue,Lufkin,TX,75901,3252,TX,1,Louie Gohmert,G000552500 North Cedar Street,Lumberton,NC,28358,4891,NC,8,Richard Hudson,H001067916 Main Street,Lynchburg,VA,24504,1600,VA,6,Bob Goodlatte,G0002891902 412,Finström,Ahvenanmaan maalaiskunta,1902,1019,not found,not found,,10 East Doty Street,Madison,WI,53703,5103,WI,2,Mark Pocan,P000607100 East Sybelia Avenue,Maitland,FL,32751,4700,FL,7,John Mica,M00068933 Lowell Street,Andover,MA,3101,1641,MA,3,Niki Tsongas,T00046521454 Koop Road,Mandeville,LA,70471,7513,LA,1,Steve Scalise,S001176227 East Main Street,Mankato,MN,56001,3573,MN,1,Timothy Walz,W00079924 West 3rd Street,Mansfield,OH,44902,1243,OH,12,Patrick Tiberi,T000462490 East 63rd Street Ocean,Marathon,FL,33050,4720,FL,26,Joe Garcia,G0005735790 Margate Boulevard,Margate,FL,33063,3614,FL,21,Theodore Deutch,D000610219 Roswell Street,Marietta,GA,30060,2063,GA,11,Phil Gingrey,G0005503730 Roswell Road,Marietta,GA,30062,8818,GA,6,Tom Price,P000591258 Front Street,Marietta,OH,45750,2908,OH,6,Bill Johnson,J000292209 South Washington Street,Marion,IN,46952,3803,IN,5,Susan Brooks,B001284,Marks,MS,38646,356,MS,2,Bennie Thompson,T000193255 Main Street,Buffalo,NY,1752,5505,NY,26,Brian Higgins,H001038307 South Front Street,Marquette,MI,49855,4613,MI,1,Dan Benishek,B0012711420 East College Drive,Marshall,MN,56258,2065,MN,7,Collin Peterson,P000258102 West Houston Street,Marshall,TX,75670,4038,TX,1,Louie Gohmert,G000552300 Foxcroft Avenue,Martinsburg,WV,25401,5341,WV,2,Shelley Capito,C001047200 East Broadway Avenue,Maryville,TN,37804,5782,TN,2,John Duncan,D0005331003 Park Boulevard,Massapequa Park,NY,11762,2758,NY,2,Peter King,K0002105914 Main Street,Williamsville,NY,8330,1746,NY,26,Brian Higgins,H001038201 Government Street,Maysville,KY,41056,1385,KY,4,Thomas Massie,M001184118 East Carl Albert Parkway,McAlester,OK,74501,5040,OK,2,Markwayne Mullin,M001190627 Lysle Boulevard,McKeesport,PA,15132,2524,PA,14,Michael Doyle,D0004821800 North Graves Street,McKinney,TX,75069,3322,TX,3,Sam Johnson,J0001745 High Street,Glen Iris,VIC,2155,3800,not found,not found,,843 East Main Street,Medford,OR,97504,7137,OR,2,Greg Walden,W0007912725 Judge Fran Jamieson Way,Melbourne,FL,32940,6605,FL,8,Bill Posey,P000599167 North Main Street,Memphis,TN,38103,1822,TN,9,Steve Cohen,C0010687975 Stage Hills Boulevard,Memphis,TN,38133,4036,TN,8,Stephen Fincher,F0004582222 M Street,Merced,CA,95340,3729,CA,16,Jim Costa,C0010592737 78th Avenue Southeast,Mercer Island,WA,98040,2843,WA,9,Adam Smith,S00051026 West Main Street,Little Falls,NY,6450,4109,NY,22,Richard Hanna,H00105133 East Broadway Avenue,Meridian,ID,83642,2619,ID,1,Raúl Labrador,L0005731901 Front Street,Meridian,MS,39301,5006,MS,3,Gregg Harper,H0010457895 Broadway,Merrillville,IN,46410,5529,IN,1,Peter Visclosky,V0001081640 South Stapley Drive,Mesa,AZ,85204,6666,AZ,9,Kyrsten Sinema,S001191110 Veterans Memorial Boulevard,Metairie,LA,70005,4970,LA,1,Steve Scalise,S001176777 17th Street,Miami Beach,FL,33139,1895,FL,23,Debbie Wasserman Schultz,W00079718425 Northwest 2nd Avenue,Miami Gardens,FL,33169,4532,FL,24,Frederica Wilson,W0008084960 Southwest 72nd Avenue,Miami,FL,33155,5544,FL,27,Ileana Ros-Lehtinen,R00043512851 Southwest 42nd Street,Miami,FL,33175,,FL,26,Joe Garcia,G000573100 East Michigan Boulevard,Michigan City,IN,46360,3271,IN,1,Peter Visclosky,V000108245 deKoven Drive,Middletown,CT,6457,3460,CT,3,Rosa DeLauro,D00021616 James Street,Middletown,NY,10940,5787,NY,18,Sean Maloney,M001185135 Ashman Street,Midland,MI,48640,5103,MI,4,Dave Camp,C0000716 Desta Drive,Midland,TX,79705,5520,TX,11,K. Conaway,C0010623235 147th Street,Midlothian,IL,60445,3656,IL,1,Bobby Rush,R0005152 Congress Street,Portland,ME,1757,4128,ME,1,Chellie Pingree,P000597213 West Huron Street,Milford Township,MI,48381,2252,MI,11,Kerry Bentivolio,B001280127 East Hancock Street,Milledgeville,GA,31061,3413,GA,10,Paul Broun,B001262219 North Milwaukee Street,Milwaukee,WI,53202,5818,WI,4,Gwen Moore,M0011602100 Plymouth Avenue North,Minneapolis,MN,55411,3675,MN,5,Keith Ellison,E000288117 East Tom Landry Street,Mission,TX,78572,4610,TX,28,Henry Cuellar,C001063200 Civic Center Drive,Augusta,ME,92691,5519,ME,1,Chellie Pingree,P000597301 East Broadway Street,Missoula,MT,59802,4478,MT,0,Steve Daines,D00061811 North Water Street,Mobile,AL,36602,5000,AL,1,Bradley Byrne,B0012891010 10th Street,Modesto,CA,95354,877,CA,10,Jeff Denham,D0006123509 Coffee Road,Modesto,CA,95355,1356,CA,10,Jeff Denham,D0006123000 41st Street,Moline,IL,61265,7859,IL,17,Cheri Bustos,B0012861900 Stubbs Avenue,Monroe,LA,71201,5751,LA,5,Vance McAllister,M00119223 East Front Street,Monroe,MI,48161,2256,MI,7,Tim Walberg,W000798100 North 1st Street,Montevideo,MN,56265,,MN,7,Collin Peterson,P00025822 Monroe Street,Clayton,NM,36104,3617,NM,3,Ben Luján,L0005707550 Halcyon Summit Drive,Montgomery,AL,36117,7008,AL,2,Martha Roby,R00059118 Anawana Lake Road,Monticello,NY,12701,3200,NY,19,Christopher Gibson,G00056430 2nd Street,Ilion,NY,7960,5128,NY,22,Richard Hanna,H0010511609 College Park Drive,Morristown,TN,37813,1659,TN,1,David Roe,R000582106 Green Street West,Mound Bayou,MS,38762,9594,MS,2,Bennie Thompson,T0001931001 North Market Street,Mount Carmel,IL,62863,1948,IL,15,John Shimkus,S0003644167 Church Road,Mount Laurel,NJ,8054,2220,NJ,3,Jon Runyan,R0005946 Gramatan Avenue,Mount Vernon,NY,10550,3208,NY,16,Eliot Engel,E000179107 West Charles Street,Muncie,IN,47305,2804,IN,6,Luke Messer,M001189305 West Main Street,Murfreesboro,TN,37130,3547,TN,4,Scott DesJarlais,D00061675 Peachtree Street,Murphy,NC,28906,2947,NC,11,Mark Meadows,M001187900 3rd Street,Muskegon,MI,49440,1135,MI,2,Bill Huizenga,H001058431 West Broadway Street,Muskogee,OK,74401,6614,OK,2,Markwayne Mullin,M0011901800 North Oak Street,Myrtle Beach,SC,29577,3141,SC,7,Tom Rice,R000597101 West Main Street,Nacogdoches,TX,75961,4830,TX,1,Louie Gohmert,G0005521040 Main Street,Napa,CA,94559,2605,CA,5,Mike Thompson,T0004603301 Tamiami Trail East,Naples,FL,34112,3969,FL,19,,4715 Golden Gate Parkway,Naples,FL,34116,,FL,25,Mario Diaz-Balart,D000600221 Main Street,Buffalo,NY,3060,2913,NY,26,Brian Higgins,H001038605 Church Street,Nashville,TN,37219,2314,TN,5,Jim Cooper,C0007542124 Freeport Road,Natrona Heights,PA,15065,1527,PA,12,Keith Rothfus,R000598229 North 4th Street,Highlands,NC,6770,4145,NC,11,Mark Meadows,M001187558 Pleasant Street,Northampton,MA,2740,6246,MA,2,James McGovern,M000312James Bowie Drive,New Boston,TX,75570,2328,TX,4,Ralph Hall,H000067114 West Main Street,Santa Maria,CA,6051,4223,CA,24,Lois Capps,C00103667-69 Church Street,Worcestershire,,8901,1242,not found,not found,,59 Elm Street,Manchester,NH,6510,2036,NH,1,Carol Shea-Porter,S001170301 East Saint Peter Street,New Iberia,LA,70560,3787,LA,3,Charles Boustany,B0012552021 Lakeshore Drive,New Orleans,LA,70122,3501,LA,2,Cedric Richmond,R000588173 Avenue B,New York,NY,10009,4656,NY,12,Carolyn Maloney,M000087201 Varick Street,New York,NY,10014,7069,NY,10,Jerrold Nadler,N000002163 West 125th Street,New York,NY,10027,4404,NY,13,Charles Rangel,R0000531651 3rd Avenue,New York,NY,10128,3679,NY,12,Carolyn Maloney,M00008750 Walnut Street,Danville,PA,7102,3596,PA,11,Lou Barletta,B0012691601 Highway 34,Newnan,GA,30265,1325,GA,3,Lynn Westmoreland,W000796610 Newport Center Drive,Newport Beach,CA,92660,8034,CA,48,Dana Rohrabacher,R0004092600 Washington Avenue,Newport News,VA,23607,4333,VA,3,Robert Scott,S00018529 Crafts Street,Newton,MA,2458,1275,MA,4,Joseph Kennedy,K00037993 Main Street,Buffalo,NY,7860,2056,NY,26,Brian Higgins,H0010381910 Pine Avenue,Niagara Falls,NY,14301,2310,NY,26,Brian Higgins,H001038125 South 4th Street,Norfolk,NE,68701,5200,NE,1,Jeff Fortenberry,F0004492420 Springer Drive,Norman,OK,73069,3965,OK,4,Tom Cole,C0010536448 Main Street,North Branch,MN,55056,7068,MN,8,Richard Nolan,N0001271362 McMillan Avenue,North Charleston,SC,29405,2049,SC,6,James Clyburn,C000537650 Dundee Road,Northbrook,IL,60062,2757,IL,10,Bradley Schneider,S00119011 East Main Street,Norwalk,OH,44857,1512,OH,4,Jim Jordan,J000289101 Water Street,Augusta,ME,6360,5730,ME,1,Chellie Pingree,P0005975309 West 95th Street,Oak Lawn,IL,60453,2444,IL,3,Daniel Lipinski,L000563200 Administration Road,Oak Ridge,TN,37839,8823,TN,3,Charles Fleischmann,F0004591301 Clay Street,Oakland,CA,94612,5233,CA,13,Barbara Lee,L000551115 Southeast 25th Avenue,Ocala,FL,34471,9179,FL,11,Richard Nugent,N000185411 South 5th Street,Iota,LA,79761,4422,LA,3,Charles Boustany,B001255324 East 2500 South,Ogden,UT,84401,2361,UT,1,Rob Bishop,B0012501015 North Broadway Avenue,Oklahoma City,OK,73102,5849,OK,5,James Lankford,L000575120 South Fair Street,Olney,IL,62450,2258,IL,15,John Shimkus,S00036411717 Burt Street,Omaha,NE,68154,1500,NE,2,Lee Terry,T000459131 Main Street,Oneida,NY,13421,1641,NY,22,Richard Hanna,H0010511819 Pepperell Parkway,Opelika,AL,36801,5476,AL,3,Mike Rogers,R0005751726 Kingsley Avenue,Orange Park,FL,32073,4411,FL,3,Ted Yoho,Y0000651110 East Chapman Avenue,Orange,CA,92866,2145,CA,46,Loretta Sanchez,S000030420 Green Avenue,Orange,TX,77630,5803,TX,36,Steve Stockman,S000937621 High Street,Oregon City,OR,97045,2240,OR,5,Kurt Schrader,S001180219 Lime Avenue,Orlando,FL,32805,2248,FL,5,Corrine Brown,B000911770 West Granada Boulevard,Ormond Beach,FL,32174,5180,FL,6,Ron DeSantis,D0006212390 Highway 44,Oshkosh,WI,54904,6438,WI,6,Thomas Petri,P0002652461 West State Road 426,Oviedo,FL,32765,4508,FL,7,John Mica,M0006892200 Airport Road,Owensboro,KY,42301,9488,KY,2,Brett Guthrie,G000558100 Fountain Avenue,Paducah,KY,42001,2771,KY,1,Ed Whitfield,W00041310 Box Canyon Road,Canoga Park,CA,96799,230,CA,25,Howard McKeon,M0005081 Victoria Square,Painesville,OH,44077,3406,OH,14,David Joyce,J000295613 Saint Johns Avenue,Palatka,FL,32177,4643,FL,5,Corrine Brown,B0009111 Florida Park Drive South,Palm Coast,FL,32137,3801,FL,6,Ron DeSantis,D00062135111 US Highway 19 North,Palm Harbor,FL,34684,1934,FL,12,Gus Bilirakis,B001257707 East Tahquitz Canyon Way,Palm Springs,CA,92262,101,CA,36,Raul Ruiz,R0005991008 West Avenue M 14,Palmdale,CA,93551,1441,CA,25,Howard McKeon,M000508698 Emerson Street,Palo Alto,CA,94301,1609,CA,18,Anna Eshoo,E000215840 West 11th Street,Panama City,FL,32401,2336,FL,2,Steve Southerland,S0011867904 Day Drive,Parma,OH,44129,5637,OH,16,James Renacci,R00058687 North Raymond Avenue,Pasadena,CA,91103,3966,CA,27,Judy Chu,C0010802715 Saint Andrews Loop,Pasco,WA,99301,3386,WA,4,Doc Hastings,H000329330 Passaic Street,Passaic,NJ,7055,5815,NJ,9,Bill Pascrell,P000096200 Federal Plaza,Paterson,NJ,7505,1953,NJ,9,Bill Pascrell,P000096249 Roosevelt Avenue,San Antonio,TX,2860,2134,TX,35,Lloyd Doggett,D00039917 Peabody Square,Peabody,MA,1960,5646,MA,6,John Tierney,T0002662507B Old Brandon Road,Pearl,MS,39208,4604,MS,3,Gregg Harper,H00104510100 Pines Boulevard,Pembroke Pines,FL,33026,6040,FL,24,Frederica Wilson,W00080811 Duff Road,Pittsburgh,PA,15235,3263,PA,14,Michael Doyle,D0004824300 Bayou Boulevard,Pensacola,FL,32503,2679,FL,1,Jeff Miller,M001144100 Northeast Monroe Street,Peoria,IL,61602,1047,IL,17,Cheri Bustos,B0012861 2nd Street,Calamus,IA,8861,4517,IA,2,David Loebsack,L000565200 Division Street,Petoskey,MI,49770,2465,MI,1,Dan Benishek,B0012714104 Walnut Street,Philadelphia,PA,19104,3598,PA,2,Chaka Fattah,F0000436632 Germantown Avenue,Philadelphia,PA,19119,2250,PA,2,Chaka Fattah,F0000432630 Memphis Street,Philadelphia,PA,19125,2344,PA,1,Robert Brady,B0012272637 East Clearfield Street,Philadelphia,PA,19134,5023,PA,1,Robert Brady,B0012277219 Frankford Avenue,Philadelphia,PA,19135,1010,PA,1,Robert Brady,B0012271907 South Broad Street,Philadelphia,PA,19148,2116,PA,1,Robert Brady,B001227411 North Central Avenue,Phoenix,AZ,85004,2120,AZ,7,Ed Pastor,P0000992400 East Arizona Biltmore Circle,Phoenix,AZ,85016,2195,AZ,9,Kyrsten Sinema,S001191100 East 8th Avenue,Pine Bluff,AR,71601,5070,AR,4,Tom Cotton,C0010951001 North Broadway Street,Pittsburg,KS,66762,3905,KS,2,Lynn Jenkins,J000290225 West 5th Street,Chillicothe,OH,15219,2024,OH,2,Brad Wenstrup,W000815504 Washington Road,Pittsburgh,PA,15228,2817,PA,18,Tim Murphy,M00115178 Center Street,Ellenville,NY,1201,6172,NY,19,Christopher Gibson,G0005641 Grove Street,Pittsford,NY,14534,1328,NY,25,Louise Slaughter,S0004802680 West Main Street,Pittsboro,IN,46167,2829,IN,4,Todd Rokita,R000592110 West Reynolds Street,Plant City,FL,33563,3377,FL,15,Dennis Ross,R00059314 Durkee Street,Plattsburgh,NY,12901,2998,NY,21,William Owens,O0001695776 Stoneridge Mall Road,Pleasanton,CA,94588,2836,CA,15,Eric Swalwell,S001193275 South 5th Avenue,Pocatello,ID,83201,3392,ID,2,Michael Simpson,S001148332 East 5th Street,Port Angeles,WA,98362,3207,WA,6,Derek Kilmer,K0003812675 North Ventura Road,Port Hueneme,CA,93041,2045,CA,26,Julia Brownley,B0012851000 City Center Circle,Port Orange,FL,32129,4144,FL,6,Ron DeSantis,D0006212 Portland Fish Pier,Portland,ME,4101,4633,ME,1,Chellie Pingree,P000597620 Southwest Main Street,Portland,OR,97205,3024,OR,3,Earl Blumenauer,B000574729 Northeast Oregon Street,Portland,OR,97232,2184,OR,3,Earl Blumenauer,B000574602 Chillicothe Street,Portsmouth,OH,45662,4262,OH,2,Brad Wenstrup,W000815101 North Centre Street,Pottsville,PA,17901,2972,PA,17,Matthew Cartwright,C001090,Poulsbo,WA,98370,8481,WA,6,Derek Kilmer,K000381221 West Main Street,Prescott,AR,71857,3608,AR,4,Tom Cotton,C001095240 South Montezuma Street,Prescott,AZ,86303,4712,AZ,4,Paul Gosar,G000565445 Main Street,Buffalo,NY,4769,2651,NY,26,Brian Higgins,H001038110 Resource Avenue,Farmington,NM,41653,7851,NM,3,Ben Luján,L000570120 East Main Street,Price,UT,84501,3050,UT,3,Jason Chaffetz,C00107651 South University Avenue,Provo,UT,84601,4491,UT,3,Jason Chaffetz,C001076503 North Main Street,Pueblo,CO,81003,3132,CO,3,Scott Tipton,T000470226 Taylor Street,Punta Gorda,FL,33950,4459,FL,17,Thomas Rooney,R0005831250 Hancock Street,Quincy,MA,2169,4331,MA,8,Stephen Lynch,L000562216 6th Street,Racine,WI,53403,1216,WI,1,Paul Ryan,R000570411 West Lincoln Trail Boulevard,Radcliff,KY,40160,2046,KY,2,Brett Guthrie,G0005581300 Saint Marys Street,Raleigh,NC,27605,1276,NC,13,George Holding,H0010655400 Trinity Road,Raleigh,NC,27607,3815,NC,4,David Price,P000523343 Quincy Street,Rapid City,SD,57701,3797,SD,0,Kristi Noem,N0001842603 Wheat Drive,Bozeman,MT,56750,4800,MT,0,Steve Daines,D000618280 Hemsted Drive,Redding,CA,96002,164,CA,1,Doug LaMalfa,L0005781150 Brookside Avenue,Redlands,CA,92373,6314,CA,31,Gary Miller,M001139,Redwood Falls,MN,56283,50,MN,7,Collin Peterson,P000258400 South Virginia Street,Reno,NV,89501,2116,NV,2,Mark Amodei,A0003692929 North Central Expressway,Richardson,TX,75080,2000,TX,3,Sam Johnson,J0001743220 Blume Drive,Richmond,CA,94806,5741,CA,11,George Miller,M00072550 West 2nd Avenue,Columbus,OH,47374,4247,OH,15,Steve Stivers,S001187400 North 8th Street,Richmond,VA,23219,1321,VA,3,Robert Scott,S000185F-M 3167,Rio Grande City,TX,78582,6688,TX,28,Henry Cuellar,C0010633200 Civic Center Circle Northeast,Rio Rancho,NM,87144,4503,NM,3,Ben Luján,L0005703400 Central Avenue,Riverside,CA,92506,2163,CA,41,Mark Takano,T00047210 Franklin Road Southeast,Roanoke,VA,24011,2121,VA,6,Bob Goodlatte,G0002891134 7th Street Northwest,Rochester,MN,55901,1732,MN,1,Timothy Walz,W000799100 State Street,Rochester,NY,14614,1309,NY,25,Louise Slaughter,S0004801280 Titus Avenue,Rochester,NY,14617,4125,NY,25,Louise Slaughter,S0004801456 Ebenezer Road,Rock Hill,SC,29732,2339,SC,5,Mick Mulvaney,M001182404 N Street,Rock Springs,WY,82901,5474,WY,0,Cynthia Lummis,L00057190-16 Rockaway Beach Boulevard,Queens,NY,11693,1530,NY,5,Gregory Meeks,M001137415 South Mulford Road,Rockford,IL,61108,3011,IL,16,Adam Kinzinger,K000378230 East Franklin Street,Rockingham,NC,28379,3627,NC,8,Richard Hudson,H00106751 Monroe Street,Rockville,MD,20850,2406,MD,8,Chris Van Hollen,V000128104 North San Jacinto Street,Rockwall,TX,75087,2508,TX,4,Ralph Hall,H0000673333 South Pinnacle Hills Parkway,Rogers,AR,72758,8979,AR,3,Steve Womack,W0008091301 Kings Highway,Keysville,VA,65401,3136,VA,5,Robert Hurt,H001060600 East 1st Street,Rome,GA,30161,3149,GA,14,Tom Graves,G000560,Roseburg,OR,97470,511,OR,4,Peter DeFazio,D00019127085 Gratiot Avenue,Roseville,MI,48066,2947,MI,9,Sander Levin,L0002631717 West 2nd Street,Roswell,NM,88201,2029,NM,2,Stevan Pearce,P000588error: no response from geocoder,,,,,,,,1717 North Interstate Highway 35,Round Rock,TX,78664,2901,TX,31,John Carter,C0010511234 Columbus Avenue,Boston,MA,2120,3400,MA,7,Michael Capuano,C001037600 I Street,Sacramento,CA,95814,4778,CA,6,Doris Matsui,M001163515 North Washington Avenue,Saginaw Charter Township,MI,48607,1378,MI,5,Daniel Kildee,K000380,Capitol Hill,Saipan,96950,4310,MP,0,Gregorio Sablan,S001177494 State Street,Salem,OR,97301,3830,OR,5,Kurt Schrader,S001180119 West Iron Avenue,Salina,KS,67402,,KS,1,Tim Huelskamp,H001057100 West Alisal Street,Salinas,CA,93901,2687,CA,20,Sam Farr,F000030212 West Main Street,Salisbury,MD,21801,5026,MD,1,Andy Harris,H001052240 East Morris Avenue,Salt Lake City,UT,84115,3296,UT,4,Jim Matheson,M001142125 South State Street,Salt Lake City,UT,84138,1102,UT,2,Chris Stewart,S00119233 East Twohig Avenue,San Angelo,TX,76903,6451,TX,11,K. Conaway,C001062615 East Houston Street,San Antonio,TX,78205,2054,TX,35,Lloyd Doggett,D000399727 East Durango Boulevard,San Antonio,TX,78206,1286,TX,35,Lloyd Doggett,D0003991100 Northeast Interstate 410 Loop,San Antonio,TX,78209,1530,TX,21,Lamar Smith,S0005831313 Southeast Military Drive,San Antonio,TX,78214,2850,TX,35,Lloyd Doggett,D0003996363 De Zavala Road,San Antonio,TX,78249,2104,TX,20,Joaquin Castro,C001091201 North East Street,Roseboro,NC,92401,1520,NC,7,Mike McIntyre,M0004852700 Adams Avenue,San Diego,CA,92116,1367,CA,53,Susan Davis,D000598510 East Foothill Boulevard,San Dimas,CA,91773,1254,CA,32,Grace Napolitano,N00017990 7th Street,San Francisco,CA,94103,6723,CA,12,Nancy Pelosi,P000197635 North 1st Street,San Jose,CA,95112,5110,CA,19,Zoe Lofgren,L000397901 De La Tierra,Tijuana,BC,901,2102,not found,not found,,1411 Marsh Street,San Luis Obispo,CA,93401,2923,CA,24,Lois Capps,C001036400 South El Camino Real,San Mateo,CA,94402,1761,CA,14,Jackie Speier,S0011751050 Northgate Drive,San Rafael,CA,94903,2580,CA,2,Jared Huffman,H001068,Sandersville,GA,31082,,GA,10,Paul Broun,B001262301 East Carrillo Street,Santa Barbara,CA,93101,2611,CA,24,Lois Capps,C00103626650 The Old Road,Valencia,CA,91381,750,CA,25,Howard McKeon,M000508701 Ocean Street,Santa Cruz,CA,95060,4027,CA,20,Sam Farr,F00003011627 Telegraph Road,Whittier,CA,90670,6810,CA,38,Linda Sánchez,S001156811 Saint Michaels Drive,Santa Fe,NM,87505,7640,NM,3,Ben Luján,L0005701101 College Avenue,Santa Rosa,CA,95404,3940,CA,5,Mike Thompson,T000460176 Brooks Boulevard,Santee,SC,29142,8644,SC,6,James Clyburn,C000537235 North Orange Avenue,Sarasota,FL,34236,8522,FL,16,Vern Buchanan,B001260513 Broadway,Saratoga Springs,NY,12866,6730,NY,20,Paul Tonko,T000469450 Mall Boulevard,Savannah,GA,31406,4864,GA,1,Jack Kingston,K0002201 Diamond Causeway,Savannah,GA,31406,7434,GA,1,Jack Kingston,K000220105 Jay Street,Schenectady,NY,12305,1905,NY,20,Paul Tonko,T000469416 Valley View Drive,Scottsbluff,NE,69361,1445,NE,3,Adrian Smith,S00117210603 North Hayden Road,Scottsdale,AZ,85260,5571,AZ,6,David Schweikert,S0011831809 7th Avenue,Seattle,WA,98101,1399,WA,7,Jim McDermott,M000404415 South Ohio Avenue,Sedalia,MO,65301,,MO,4,Vicky Hartzler,H001053100 South Austin Street,Seguin,TX,78155,5702,TX,15,Rubén Hinojosa,H000636908 Alabama Avenue,Selma,AL,36701,4660,AL,7,Terri Sewell,S0011859210 113th Street,Seminole,FL,33772,2800,FL,13,David Jolly,J00029648701 Van Dyke Avenue,Shelby Township,MI,48317,2560,MI,10,Candice Miller,M001150311 East Marion Street,Shelby,NC,28151,4611,NC,10,Patrick McHenry,M00115645 East Loucks Street,Sheridan,WY,82801,6331,WY,0,Cynthia Lummis,L0005715000 Van Nuys Boulevard,Los Angeles,CA,91403,1791,CA,30,Brad Sherman,S000344101 East Pecan Street,Sherman,TX,75090,5989,TX,4,Ralph Hall,H00006718560 1st Avenue Northeast,Shoreline,WA,98155,2150,WA,7,Jim McDermott,M0004046425 Youree Drive,Shreveport,LA,71105,4634,LA,4,John Fleming,F00045677 Calle Portal,Sierra Vista,AZ,85635,2981,AZ,2,Ron Barber,B0012798730 Georgia Avenue,Silver Spring,MD,20910,3651,MD,8,Chris Van Hollen,V000128526 Nebraska Street,Sioux City,IA,51101,1313,IA,4,Steve King,K0003622310 West 41st Street,Sioux Falls,SD,57105,6118,SD,0,Kristi Noem,N000184888 Concord Road Southeast,Smyrna,GA,30080,4202,GA,13,David Scott,S001157380 Stevens Avenue,Solana Beach,CA,92075,2069,CA,49,Darrell Issa,I000056485 Alisal Road,Solvang,CA,93463,3701,CA,24,Lois Capps,C001036Clifty Street,Somerset,KY,42501,1782,KY,5,Harold Rogers,R000395118 West Main Street,Somerset,PA,15501,2047,PA,12,Keith Rothfus,R000598201 North Bingham Avenue,Somerton,AZ,85350,,AZ,3,Raúl Grijalva,G000551207 East Colfax Avenue,South Bend,IN,46601,1606,IN,2,Jackie Walorski,W000813137 Hampton Road,Southampton,NY,11968,4923,NY,1,Timothy Bishop,B001242101 West Saint John Street,Spartanburg,SC,29306,5167,SC,4,Trey Gowdy,G000566,Spencer,IA,51301,,IA,4,Steve King,K00036210 North Post Street,Spokane,WA,99201,712,WA,5,Cathy McMorris Rodgers,M001159235 South 6th Street,Springfield,IL,62701,1502,IL,13,Rodney Davis,D0006193130 Chatham Road,Springfield,IL,62704,5379,IL,18,Aaron Schock,S001179300 State Street,New Haven,CT,1105,1711,CT,3,Rosa DeLauro,D0002163232 East Ridgeview Street,Springfield,MO,65804,4076,MO,7,Billy Long,L0005765 West North Street,Springfield,OH,45504,2544,OH,8,John Boehner,B000589940 West Sproul Road,Springfield,PA,19064,1255,PA,7,Patrick Meehan,M001181167 Locust Street,Spruce Pine,NC,28777,2711,NC,11,Mark Meadows,M0011873000 North Ponce De Leon Boulevard,St. Augustine,FL,32084,8600,FL,6,Ron DeSantis,D000621,St. Charles,MO,63302,,MO,3,Blaine Luetkemeyer,L000569error: no response from geocoder,,,,,,,,321 North Mall Drive,St. George,UT,84790,7305,UT,2,Chris Stewart,S001192800 Ship Street,St. Joseph,MI,49085,2182,MI,6,Fred Upton,U000031201 South 8th Street,St. Joseph,MO,64501,2275,MO,6,Sam Graves,G000546625 North Euclid Avenue,St. Louis,MO,63108,1673,MO,1,Wm. Clay,C0010498021 West Florissant Avenue,Jennings,MO,63136,1449,MO,1,Wm. Clay,C0010498764 Manchester Road,Brentwood,MO,63144,2735,MO,2,Ann Wagner,W000812165 Western Avenue North,Saint Paul,MN,55102,4613,MN,4,Betty McCollum,M001143360 Central Avenue,St. Petersburg,FL,33701,3838,FL,14,Kathy Castor,C001066207 Maxwell Avenue,Anderson,SC,802,5820,SC,3,Jeff Duncan,D000615888 Road 10 Northwest,Quincy,WA,6901,2902,WA,4,Doc Hastings,H0003291 Research Boulevard,Starkville,MS,39759,8749,MS,3,Gregg Harper,H0010457 Court Square,Staunton,VA,24401,4281,VA,6,Bob Goodlatte,G000289109 South 3rd Street,Sterling,CO,80751,4220,CO,4,Cory Gardner,G000562265 New Dorp Lane,Staten Island,NY,10306,3005,NY,11,Michael Grimm,G0005692222 West 12th Avenue,Stillwater,OK,74074,,OK,3,Frank Lucas,L000491137 East Weber Avenue,Stockton,CA,95202,2704,CA,9,Jerry McNerney,M0011662222 Grand Canal Boulevard,Stockton,CA,95207,6671,CA,9,Jerry McNerney,M001166800 Oneida Street,Storm Lake,IA,50588,3209,IA,4,Steve King,K000362171 Southwest Flagler Avenue,Stuart,FL,34994,2139,FL,18,Patrick Murphy,M0011911650 Highway 6,Sugar Land,TX,77478,4921,TX,22,Pete Olson,O0001685001 Silver Hill Road,Suitland-Silver Hill,MD,20746,5208,MD,4,Donna Edwards,E000290320 Church Street,Sulphur Springs,TX,75482,2606,TX,4,Ralph Hall,H000067160 Arch Street,Sunbury,PA,17801,2145,PA,11,Lou Barletta,B0012699293 Harding Avenue,Surfside,FL,33154,3009,FL,23,Debbie Wasserman Schultz,W000797125 Bonnie Lane,Sylva,NC,28779,8552,NC,11,Mark Meadows,M001187100 South Clinton Street,Syracuse,NY,13261,6100,NY,24,Daniel Maffei,M0011712209 Pacific Avenue,Tacoma,WA,98402,3005,WA,6,Derek Kilmer,K0003811019 Pacific Avenue,Tacoma,WA,98402,4486,WA,6,Derek Kilmer,K0003813116 Capital Circle Northeast,Tallahassee,FL,32308,7791,FL,2,Steve Southerland,S0011864144 North Armenia Avenue,Tampa,FL,33607,6435,FL,14,Kathy Castor,C001066508 Church Lane,Tappahannock,VA,22560,,VA,1,Robert Wittman,W00080429 Broadway,Buffalo,NY,2780,3208,NY,26,Brian Higgins,H0010384918 Kutztown Road,Temple,PA,19560,1554,PA,6,Jim Gerlach,G0005496544 South General Bruce Drive,Temple,TX,76502,5811,TX,31,John Carter,C001051901 Wabash Avenue,Terre Haute,IN,47807,3232,IN,8,Larry Bucshon,B0012754303 Texas Boulevard,Texarkana,TX,75503,3094,TX,4,Ralph Hall,H000067137 East Jackson Street,Thomasville,GA,31729,5136,GA,8,Austin Scott,S0011891200 East 78th Avenue,Denver,CO,80229,5930,CO,7,Ed Perlmutter,P000593127 North Central Avenue,Tifton,GA,31794,4087,GA,8,Austin Scott,S001189375 West Padonia Road,Lutherville-Timonium,MD,21093,2130,MD,2,C. Ruppersberger,R000576error: no response from geocoder,,,,,,,,127 West Spring Street,Titusville,PA,16354,1727,PA,5,Glenn Thompson,T000467194 Remsdale Street,Toccoa,GA,30577,1899,GA,9,Doug Collins,C0010931 6 A Street,Dubai,Dubai,43604,,not found,not found,,990 Village Square Drive,Tomball,TX,77375,4269,TX,10,Michael McCaul,M001157200 North Main Street,Tompkinsville,KY,42167,1548,KY,1,Ed Whitfield,W0004133550 Southwest 5th Street,Topeka,KS,66606,1998,KS,2,Lynn Jenkins,J000290600 Baltimore Avenue,Towson,MD,21204,4022,MD,3,John Sarbanes,S001168580 West Main Street,Collegeville,PA,19426,1940,PA,6,Jim Gerlach,G000549121 East Front Street,Traverse City,MI,49684,2500,MI,1,Dan Benishek,B0012712615 West Jefferson,Trenton,MI,48183,2802,MI,12,John Dingell,D000355560 Kirts Boulevard,Troy,MI,48084,4141,MI,11,Kerry Bentivolio,B00128012 South Plum Street,Troy,OH,45373,5207,OH,8,John Boehner,B0005893469 Lawrenceville Highway,Tucker,GA,30084,5866,GA,4,Henry Johnson,J000288738 North 5th Avenue,Tucson,AZ,85705,8485,AZ,3,Raúl Grijalva,G0005511661 North Swan Road,Tucson,AZ,85712,4051,AZ,2,Ron Barber,B001279404 Route 66 Road,DeQuincy,LA,88401,3279,LA,3,Charles Boustany,B0012555727 South Lewis Avenue,Tulsa,OK,74105,7146,OK,1,Jim Bridenstine,B001283181 East Tioga Street,Tunkhannock,PA,18657,6604,PA,11,Lou Barletta,B001269337 East Main Street,Tupelo,MS,38804,4025,MS,1,Alan Nunnelee,N0001861118 Greensboro Avenue,Tuscaloosa,AL,35401,2861,AL,7,Terri Sewell,S0011851011 George Wallace Boulevard,Tuscumbia,AL,35674,1726,AL,4,Robert Aderholt,A0000551341 Fillmore Street,Twin Falls,ID,83301,3392,ID,2,Michael Simpson,S00114810075 Ravenna Road,Twinsburg,OH,44087,1718,OH,14,David Joyce,J0002951121 East Southeast Loop 323,Tyler,TX,75701,9660,TX,1,Louie Gohmert,G00055220 North Gallatin Avenue,Uniontown,PA,15401,3545,PA,9,Bill Shuster,S001154,Unionville,PA,19375,837,PA,16,Joseph Pitts,P000373258 1st Street,Fenton,MI,13502,4636,MI,5,Daniel Kildee,K000380,Valdosta,GA,31603,5264,GA,8,Austin Scott,S001189375 G Street,Vallejo,CA,94592,5706,CA,5,Mike Thompson,T00046014546 Hamlin Street,Los Angeles,CA,91411,4102,CA,29,Tony Cárdenas,C001097750 Anderson Street,Vancouver,WA,98661,3853,WA,3,Jaime Herrera Beutler,H0010561501 East Mockingbird Lane,Victoria,TX,77904,2194,TX,27,Blake Farenthold,F000460107 Old Airport Road,Douglassville,PA,30474,8840,PA,7,Patrick Meehan,M0011814772 Euclid Road,Virginia Beach,VA,23462,3800,VA,2,E. Rigell,R000589113 North Church Street,Visalia,CA,93291,6300,CA,22,Devin Nunes,N0001811800 Thibodo Road,Vista,CA,92081,7515,CA,49,Darrell Issa,I000056600 Austin Avenue,Waco,TX,76710,2018,TX,17,Bill Flores,F000461110 2nd Street South,Waite Park,MN,56387,1313,MN,6,Michele Bachmann,B001256401 Post Office Road,Waldorf,MD,20602,2738,MD,5,Steny Hoyer,H00087429 South Palouse Street,Walla Walla,WA,99362,1925,WA,5,Cathy McMorris Rodgers,M0011591981 North Broadway,Walnut Creek,CA,94596,3877,CA,11,George Miller,M000725230 Margie Drive,Warner Robins,GA,31088,7813,GA,8,Austin Scott,S001189197 West Market Street,Warren,OH,44481,1024,OH,13,Tim Ryan,R0005774834 Richmond Road,Warrensville Heights,OH,44128,6408,OH,11,Marcia Fudge,F000455300 Centerville Road,Newville,PA,2886,212,PA,11,Lou Barletta,B001269516 Jefferson Street,Washington,MO,63090,2706,MO,3,Blaine Luetkemeyer,L00056949 Leavenworth Street,San Francisco,CA,6702,2115,CA,12,Nancy Pelosi,P000197501 Sycamore Street,Waterloo,IA,50703,4051,IA,1,Bruce Braley,B001259120 Washington Street,Watertown,NY,13601,3370,NY,21,William Owens,O000169505 12th Street Southeast,Watertown,SD,57201,4973,SD,0,Kristi Noem,N00018416 Common Street,Watertown,MA,4901,6611,MA,5,Katherine Clark,C001101208 Grand Avenue,Wausau,WI,54403,6217,WI,7,Sean Duffy,D000614,Weldon,NC,27890,,NC,1,George Butterfield,B0012517969 Cincinnati Dayton Road,West Chester Township,OH,45069,6637,OH,8,John Boehner,B000589,West Columbia,SC,29171,2381,SC,2,Joe Wilson,W000795201 East Nolen Street,West Frankfort,IL,62896,2437,IL,12,William Enyart,E000292509 U.S. 82,Greenwood,MS,38930,5030,MS,2,Bennie Thompson,T0001937800 Route 201,Magna,UT,84088,4314,UT,2,Chris Stewart,S0011925500 Palisades Avenue,Battlefield,MO,7093,2124,MO,7,Billy Long,L000576261 West Nyack Road,West Nyack,NY,10994,1724,NY,17,Nita Lowey,L0004803111 South Dixie Highway,West Palm Beach,FL,33405,1553,FL,22,Lois Frankel,F0004621755 Tiffany Drive East,West Palm Beach,FL,33407,3224,FL,20,Alcee Hastings,H00032435 Court Square,West Plains,MO,65775,3453,MO,8,Jason Smith,S00119550 Washington Road,Woodbury,CT,8550,1012,CT,5,Elizabeth Esty,E000293425 North Avenue East,Westfield,NJ,7090,1537,NJ,7,Leonard Lance,L000567412 Malcolm Drive,Westminster,MD,21157,6174,MD,8,Chris Van Hollen,V0001281125 Chapline Street,Wheeling,WV,26003,2976,WV,1,David McKinley,M001180222 Mamaroneck Avenue,White Plains,NY,10605,1316,NY,17,Nita Lowey,L000480108 Lacey Road,Lacey Township,NJ,8759,1331,NJ,3,Jon Runyan,R0005944245 Kemp Boulevard,Wichita Falls,TX,76308,2829,TX,13,Mac Thornberry,T000238155 North Market Street,Wichita,KS,67202,1818,KS,4,Mike Pompeo,P0006021000 Commerce Park Drive,Williamsport,PA,17701,5475,PA,10,Tom Marino,M001179400 North Main Street,Williamstown,KY,41097,1026,KY,4,Thomas Massie,M001184320 4th Street Southwest,Willmar,MN,56201,3300,MN,7,Collin Peterson,P0002586262 Route 83,Willowbrook,IL,60527,2987,IL,6,Peter Roskam,R000580201 North Walnut Street,Wilmington,DE,19801,3998,DE,0,John Carney,C001083201 North Front Street,Wilmington,NC,28401,5093,NC,3,Walter Jones,J00025561 East Main Street,Wilmington,OH,45177,2330,OH,15,Steve Stivers,S001187216 Nash Street Northwest,Wilson,NC,27893,3802,NC,1,George Butterfield,B001251110 North Cameron Street,Winchester,VA,22601,4730,VA,10,Frank Wolf,W000672700 Park Avenue,Winona Lake,IN,46590,1066,IN,3,Marlin Stutzman,S001188300 West Plant Street,Winter Garden,FL,34787,3009,FL,10,Daniel Webster,W0008064308 Ridgewood Center Drive,Woodbridge,VA,22192,5307,VA,11,Gerald Connolly,C0010786043 Hudson Road,Woodbury,MN,55125,1004,MN,4,Betty McCollum,M00114363 North Broad Street,Philadelphia,PA,8096,4602,PA,1,Robert Brady,B001227712 Main Street,Woodland,CA,95695,3478,CA,3,John Garamendi,G0005592728 Williams Avenue,Woodward,OK,73801,5853,OK,3,Frank Lucas,L00049134 Mechanic Street,Lebanon,NH,1608,2424,NH,2,Ann Kuster,K000382840 North Park Road,Wyomissing,PA,19610,1307,PA,6,Jim Gerlach,G000549402 East Yakima Avenue,Yakima,WA,98901,5410,WA,4,Doc Hastings,H0003292209 East Market Street,East York,PA,17402,2853,PA,4,Scott Perry,P0006054904 George Washington Memorial Highway,Yorktown,VA,23692,2769,VA,1,Robert Wittman,W000804241 West Federal Street,Youngstown,OH,44503,1207,OH,13,Tim Ryan,R000577301 West Michigan Avenue,Ypsilanti,MI,48197,5450,MI,12,John Dingell,D00035510952 Northwest Expressway,Yukon,OK,73099,8214,OK,3,Frank Lucas,L0004911166 Military Road,Zanesville,OH,43701,1562,OH,12,Patrick Tiberi,T000462